datetime,day,minute,hour,temperature_c,humidity_pct,co2_ppm,light_lux,status
2024-01-01 00:00,1,0,0.0,14.2,62.0,427,2,Warning
2024-01-01 00:01,1,1,0.02,14.4,64.6,449,9,Warning
2024-01-01 00:02,1,2,0.03,13.9,62.0,442,9,Warning
2024-01-01 00:03,1,3,0.05,13.2,62.8,466,6,Warning
2024-01-01 00:04,1,4,0.07,13.6,64.4,440,2,Warning
2024-01-01 00:05,1,5,0.08,14.3,63.4,428,1,Warning
2024-01-01 00:06,1,6,0.1,13.4,62.4,480,4,Warning
2024-01-01 00:07,1,7,0.12,14.5,65.0,450,1,Warning
2024-01-01 00:08,1,8,0.13,14.1,65.4,453,9,Warning
2024-01-01 00:09,1,9,0.15,13.5,62.4,451,1,Warning
2024-01-01 00:10,1,10,0.17,14.6,65.7,448,10,Warning
2024-01-01 00:11,1,11,0.18,14.5,62.9,434,10,Warning
2024-01-01 00:12,1,12,0.2,14.3,64.7,423,2,Warning
2024-01-01 00:13,1,13,0.22,14.0,63.4,481,3,Warning
2024-01-01 00:14,1,14,0.23,14.3,65.7,452,0,Warning
2024-01-01 00:15,1,15,0.25,14.5,64.0,439,5,Warning
2024-01-01 00:16,1,16,0.27,13.6,64.4,473,2,Warning
2024-01-01 00:17,1,17,0.28,13.7,63.4,444,9,Warning
2024-01-01 00:18,1,18,0.3,13.9,64.8,426,8,Warning
2024-01-01 00:19,1,19,0.32,14.0,65.5,452,10,Warning
2024-01-01 00:20,1,20,0.33,13.5,65.2,453,6,Warning
2024-01-01 00:21,1,21,0.35,14.2,64.4,447,0,Warning
2024-01-01 00:22,1,22,0.37,14.3,63.0,461,10,Warning
2024-01-01 00:23,1,23,0.38,13.8,63.8,407,4,Warning
2024-01-01 00:24,1,24,0.4,14.8,65.7,431,10,Warning
2024-01-01 00:25,1,25,0.42,13.7,65.2,439,5,Warning
2024-01-01 00:26,1,26,0.43,14.5,64.8,471,0,Warning
2024-01-01 00:27,1,27,0.45,14.2,64.7,428,4,Warning
2024-01-01 00:28,1,28,0.47,13.7,63.7,433,1,Warning
2024-01-01 00:29,1,29,0.48,14.5,66.0,482,2,Warning
2024-01-01 00:30,1,30,0.5,13.5,64.7,443,8,Warning
2024-01-01 00:31,1,31,0.52,14.7,64.5,444,3,Warning
2024-01-01 00:32,1,32,0.53,14.4,64.4,456,7,Warning
2024-01-01 00:33,1,33,0.55,14.7,64.7,416,5,Warning
2024-01-01 00:34,1,34,0.57,13.3,65.1,429,1,Warning
2024-01-01 00:35,1,35,0.58,14.4,63.1,405,5,Warning
2024-01-01 00:36,1,36,0.6,13.4,63.9,446,8,Warning
2024-01-01 00:37,1,37,0.62,13.5,66.7,458,3,Warning
2024-01-01 00:38,1,38,0.63,14.6,66.2,415,10,Warning
2024-01-01 00:39,1,39,0.65,14.0,64.7,426,10,Warning
2024-01-01 00:40,1,40,0.67,14.4,65.6,424,1,Warning
2024-01-01 00:41,1,41,0.68,13.8,63.8,449,2,Warning
2024-01-01 00:42,1,42,0.7,13.8,64.1,474,8,Warning
2024-01-01 00:43,1,43,0.72,13.5,65.7,427,1,Warning
2024-01-01 00:44,1,44,0.73,14.9,66.5,439,7,Warning
2024-01-01 00:45,1,45,0.75,13.7,64.8,426,0,Warning
2024-01-01 00:46,1,46,0.77,15.0,64.2,468,4,Warning
2024-01-01 00:47,1,47,0.78,14.1,67.0,484,10,Warning
2024-01-01 00:48,1,48,0.8,14.6,63.8,417,9,Warning
2024-01-01 00:49,1,49,0.82,14.6,63.5,418,9,Warning
2024-01-01 00:50,1,50,0.83,14.2,66.9,429,8,Warning
2024-01-01 00:51,1,51,0.85,13.6,64.0,444,6,Warning
2024-01-01 00:52,1,52,0.87,13.6,66.9,450,0,Warning
2024-01-01 00:53,1,53,0.88,14.5,65.0,462,5,Warning
2024-01-01 00:54,1,54,0.9,15.0,64.2,450,4,Warning
2024-01-01 00:55,1,55,0.92,14.1,66.0,434,1,Warning
2024-01-01 00:56,1,56,0.93,13.5,65.9,434,1,Warning
2024-01-01 00:57,1,57,0.95,14.4,65.4,428,1,Warning
2024-01-01 00:58,1,58,0.97,14.9,64.9,441,4,Warning
2024-01-01 00:59,1,59,0.98,14.5,67.4,432,10,Warning
2024-01-01 01:00,1,60,1.0,14.8,64.7,441,4,Warning
2024-01-01 01:01,1,61,1.02,13.7,63.9,444,4,Warning
2024-01-01 01:02,1,62,1.03,14.5,66.4,450,4,Warning
2024-01-01 01:03,1,63,1.05,14.4,64.5,448,1,Warning
2024-01-01 01:04,1,64,1.07,14.6,66.8,423,2,Warning
2024-01-01 01:05,1,65,1.08,14.6,64.6,472,6,Warning
2024-01-01 01:06,1,66,1.1,14.5,64.0,456,8,Warning
2024-01-01 01:07,1,67,1.12,13.7,65.1,454,2,Warning
2024-01-01 01:08,1,68,1.13,13.7,65.0,448,5,Warning
2024-01-01 01:09,1,69,1.15,14.0,64.6,440,6,Warning
2024-01-01 01:10,1,70,1.17,15.2,66.6,461,2,Warning
2024-01-01 01:11,1,71,1.18,15.2,66.9,445,2,Warning
2024-01-01 01:12,1,72,1.2,14.9,65.0,461,4,Warning
2024-01-01 01:13,1,73,1.22,14.0,66.5,421,7,Warning
2024-01-01 01:14,1,74,1.23,14.1,66.9,442,3,Warning
2024-01-01 01:15,1,75,1.25,14.1,66.3,436,1,Warning
2024-01-01 01:16,1,76,1.27,15.3,64.8,457,10,Warning
2024-01-01 01:17,1,77,1.28,15.3,65.9,453,4,Warning
2024-01-01 01:18,1,78,1.3,14.1,67.6,419,9,Warning
2024-01-01 01:19,1,79,1.32,14.5,66.7,453,8,Warning
2024-01-01 01:20,1,80,1.33,14.0,67.4,411,6,Warning
2024-01-01 01:21,1,81,1.35,13.8,67.5,438,5,Warning
2024-01-01 01:22,1,82,1.37,14.5,67.6,485,5,Warning
2024-01-01 01:23,1,83,1.38,14.9,64.3,477,4,Warning
2024-01-01 01:24,1,84,1.4,14.9,65.1,469,2,Warning
2024-01-01 01:25,1,85,1.42,14.2,66.5,429,9,Warning
2024-01-01 01:26,1,86,1.43,14.8,65.4,460,4,Warning
2024-01-01 01:27,1,87,1.45,14.2,67.0,450,7,Warning
2024-01-01 01:28,1,88,1.47,14.6,66.5,435,10,Warning
2024-01-01 01:29,1,89,1.48,14.1,65.9,452,1,Warning
2024-01-01 01:30,1,90,1.5,15.3,66.9,447,3,Warning
2024-01-01 01:31,1,91,1.52,14.2,64.1,488,1,Warning
2024-01-01 01:32,1,92,1.53,14.7,67.4,452,7,Warning
2024-01-01 01:33,1,93,1.55,14.7,64.5,440,6,Warning
2024-01-01 01:34,1,94,1.57,14.4,67.1,463,0,Warning
2024-01-01 01:35,1,95,1.58,14.9,67.6,414,7,Warning
2024-01-01 01:36,1,96,1.6,15.1,67.9,457,9,Warning
2024-01-01 01:37,1,97,1.62,15.4,67.5,456,7,Warning
2024-01-01 01:38,1,98,1.63,15.5,66.9,439,3,Warning
2024-01-01 01:39,1,99,1.65,15.5,65.0,469,10,Warning
2024-01-01 01:40,1,100,1.67,14.5,65.7,450,4,Warning
2024-01-01 01:41,1,101,1.68,14.7,67.5,413,3,Warning
2024-01-01 01:42,1,102,1.7,14.8,64.6,436,6,Warning
2024-01-01 01:43,1,103,1.72,14.7,65.8,429,6,Warning
2024-01-01 01:44,1,104,1.73,15.7,66.3,470,6,Warning
2024-01-01 01:45,1,105,1.75,15.0,67.7,438,6,Warning
2024-01-01 01:46,1,106,1.77,15.1,66.9,453,7,Warning
2024-01-01 01:47,1,107,1.78,14.6,65.7,422,10,Warning
2024-01-01 01:48,1,108,1.8,15.4,65.6,437,2,Warning
2024-01-01 01:49,1,109,1.82,15.9,66.1,482,9,Warning
2024-01-01 01:50,1,110,1.83,15.4,64.3,450,2,Warning
2024-01-01 01:51,1,111,1.85,14.4,65.5,430,5,Warning
2024-01-01 01:52,1,112,1.87,15.6,65.5,463,4,Warning
2024-01-01 01:53,1,113,1.88,15.7,65.9,440,5,Warning
2024-01-01 01:54,1,114,1.9,14.8,64.3,449,0,Warning
2024-01-01 01:55,1,115,1.92,16.0,64.8,410,3,Warning
2024-01-01 01:56,1,116,1.93,14.7,66.7,441,7,Warning
2024-01-01 01:57,1,117,1.95,15.6,67.1,446,1,Warning
2024-01-01 01:58,1,118,1.97,15.7,64.7,452,0,Warning
2024-01-01 01:59,1,119,1.98,16.0,66.3,469,6,Warning
2024-01-01 02:00,1,120,2.0,16.0,64.8,469,3,Warning
2024-01-01 02:01,1,121,2.02,14.7,67.1,480,1,Warning
2024-01-01 02:02,1,122,2.03,15.9,66.3,436,6,Warning
2024-01-01 02:03,1,123,2.05,15.7,64.3,432,6,Warning
2024-01-01 02:04,1,124,2.07,15.9,64.4,488,7,Warning
2024-01-01 02:05,1,125,2.08,15.8,65.7,453,9,Warning
2024-01-01 02:06,1,126,2.1,16.0,66.1,451,9,Warning
2024-01-01 02:07,1,127,2.12,15.1,67.4,446,4,Warning
2024-01-01 02:08,1,128,2.13,16.1,65.0,462,10,Warning
2024-01-01 02:09,1,129,2.15,15.3,64.1,453,7,Warning
2024-01-01 02:10,1,130,2.17,15.1,67.2,455,4,Warning
2024-01-01 02:11,1,131,2.18,15.7,66.0,424,6,Warning
2024-01-01 02:12,1,132,2.2,15.6,67.0,465,7,Warning
2024-01-01 02:13,1,133,2.22,16.1,64.3,426,4,Warning
2024-01-01 02:14,1,134,2.23,15.9,65.4,449,6,Warning
2024-01-01 02:15,1,135,2.25,16.5,66.2,446,4,Warning
2024-01-01 02:16,1,136,2.27,15.4,64.9,456,1,Warning
2024-01-01 02:17,1,137,2.28,16.1,67.8,446,3,Warning
2024-01-01 02:18,1,138,2.3,16.1,65.1,462,9,Warning
2024-01-01 02:19,1,139,2.32,15.4,64.3,423,5,Warning
2024-01-01 02:20,1,140,2.33,15.3,64.0,443,0,Warning
2024-01-01 02:21,1,141,2.35,16.6,66.1,442,10,Warning
2024-01-01 02:22,1,142,2.37,16.4,65.9,479,4,Warning
2024-01-01 02:23,1,143,2.38,15.8,65.7,412,4,Warning
2024-01-01 02:24,1,144,2.4,16.6,65.8,466,7,Warning
2024-01-01 02:25,1,145,2.42,15.3,66.4,411,9,Warning
2024-01-01 02:26,1,146,2.43,16.7,64.2,447,6,Warning
2024-01-01 02:27,1,147,2.45,16.2,67.1,444,6,Warning
2024-01-01 02:28,1,148,2.47,15.9,65.7,470,4,Warning
2024-01-01 02:29,1,149,2.48,16.1,64.1,454,3,Warning
2024-01-01 02:30,1,150,2.5,16.3,64.9,419,2,Warning
2024-01-01 02:31,1,151,2.52,16.2,64.5,458,7,Warning
2024-01-01 02:32,1,152,2.53,15.8,64.8,464,1,Warning
2024-01-01 02:33,1,153,2.55,16.4,67.5,479,9,Warning
2024-01-01 02:34,1,154,2.57,16.4,67.6,455,3,Warning
2024-01-01 02:35,1,155,2.58,16.4,67.4,445,0,Warning
2024-01-01 02:36,1,156,2.6,15.7,65.0,473,4,Warning
2024-01-01 02:37,1,157,2.62,16.2,65.7,440,4,Warning
2024-01-01 02:38,1,158,2.63,16.3,65.8,406,6,Warning
2024-01-01 02:39,1,159,2.65,16.7,66.2,415,10,Warning
2024-01-01 02:40,1,160,2.67,16.9,66.1,464,9,Warning
2024-01-01 02:41,1,161,2.68,15.6,66.8,451,4,Warning
2024-01-01 02:42,1,162,2.7,15.9,66.1,462,1,Warning
2024-01-01 02:43,1,163,2.72,16.4,65.4,422,2,Warning
2024-01-01 02:44,1,164,2.73,16.2,66.5,439,8,Warning
2024-01-01 02:45,1,165,2.75,15.7,64.0,419,6,Warning
2024-01-01 02:46,1,166,2.77,17.1,67.0,434,7,Warning
2024-01-01 02:47,1,167,2.78,16.4,64.4,449,10,Warning
2024-01-01 02:48,1,168,2.8,16.5,63.9,421,4,Warning
2024-01-01 02:49,1,169,2.82,16.5,66.4,446,9,Warning
2024-01-01 02:50,1,170,2.83,17.1,66.5,415,8,Warning
2024-01-01 02:51,1,171,2.85,16.5,64.5,449,7,Warning
2024-01-01 02:52,1,172,2.87,17.4,66.2,425,8,Warning
2024-01-01 02:53,1,173,2.88,17.0,65.2,454,3,Warning
2024-01-01 02:54,1,174,2.9,16.7,64.1,447,8,Warning
2024-01-01 02:55,1,175,2.92,17.2,64.1,429,5,Warning
2024-01-01 02:56,1,176,2.93,17.5,65.6,459,4,Warning
2024-01-01 02:57,1,177,2.95,17.4,65.8,441,7,Warning
2024-01-01 02:58,1,178,2.97,16.9,64.9,461,6,Warning
2024-01-01 02:59,1,179,2.98,16.8,64.8,424,9,Warning
2024-01-01 03:00,1,180,3.0,16.7,66.9,440,7,Warning
2024-01-01 03:01,1,181,3.02,17.3,66.7,428,7,Warning
2024-01-01 03:02,1,182,3.03,17.7,63.9,469,1,Warning
2024-01-01 03:03,1,183,3.05,17.6,65.2,455,0,Warning
2024-01-01 03:04,1,184,3.07,17.4,65.0,441,1,Warning
2024-01-01 03:05,1,185,3.08,17.0,67.2,441,10,Warning
2024-01-01 03:06,1,186,3.1,16.4,64.7,467,6,Warning
2024-01-01 03:07,1,187,3.12,17.9,65.8,475,8,Warning
2024-01-01 03:08,1,188,3.13,16.4,63.6,449,3,Warning
2024-01-01 03:09,1,189,3.15,17.6,65.0,444,1,Warning
2024-01-01 03:10,1,190,3.17,17.2,66.0,447,5,Warning
2024-01-01 03:11,1,191,3.18,17.8,64.4,427,3,Warning
2024-01-01 03:12,1,192,3.2,17.4,65.5,449,2,Warning
2024-01-01 03:13,1,193,3.22,16.7,66.7,445,7,Warning
2024-01-01 03:14,1,194,3.23,18.0,63.7,439,7,Warning
2024-01-01 03:15,1,195,3.25,17.0,63.2,458,10,Warning
2024-01-01 03:16,1,196,3.27,17.5,63.4,484,4,Warning
2024-01-01 03:17,1,197,3.28,17.7,64.8,431,3,Warning
2024-01-01 03:18,1,198,3.3,18.3,66.5,429,9,Warning
2024-01-01 03:19,1,199,3.32,17.3,64.2,435,10,Warning
2024-01-01 03:20,1,200,3.33,17.4,63.1,446,9,Warning
2024-01-01 03:21,1,201,3.35,18.0,66.3,459,9,Warning
2024-01-01 03:22,1,202,3.37,18.1,63.9,425,10,Warning
2024-01-01 03:23,1,203,3.38,18.1,66.0,442,10,Warning
2024-01-01 03:24,1,204,3.4,17.1,65.4,429,0,Warning
2024-01-01 03:25,1,205,3.42,17.9,65.8,422,5,Warning
2024-01-01 03:26,1,206,3.43,18.2,63.6,440,5,Warning
2024-01-01 03:27,1,207,3.45,17.9,66.5,457,7,Warning
2024-01-01 03:28,1,208,3.47,18.6,64.0,450,7,Warning
2024-01-01 03:29,1,209,3.48,18.6,63.4,473,8,Warning
2024-01-01 03:30,1,210,3.5,17.7,65.9,434,1,Warning
2024-01-01 03:31,1,211,3.52,17.9,65.4,470,6,Warning
2024-01-01 03:32,1,212,3.53,18.5,66.5,419,7,Warning
2024-01-01 03:33,1,213,3.55,17.3,66.2,467,3,Warning
2024-01-01 03:34,1,214,3.57,18.3,65.2,442,10,Warning
2024-01-01 03:35,1,215,3.58,17.9,63.2,466,7,Warning
2024-01-01 03:36,1,216,3.6,17.5,63.6,450,7,Warning
2024-01-01 03:37,1,217,3.62,18.0,66.4,468,6,Warning
2024-01-01 03:38,1,218,3.63,18.3,65.5,450,7,Warning
2024-01-01 03:39,1,219,3.65,18.4,66.3,436,3,Warning
2024-01-01 03:40,1,220,3.67,18.2,66.3,448,10,Warning
2024-01-01 03:41,1,221,3.68,18.1,66.1,435,6,Warning
2024-01-01 03:42,1,222,3.7,18.0,66.3,476,1,Warning
2024-01-01 03:43,1,223,3.72,18.6,65.0,430,0,Warning
2024-01-01 03:44,1,224,3.73,18.9,63.4,442,3,Warning
2024-01-01 03:45,1,225,3.75,17.8,65.4,423,3,Warning
2024-01-01 03:46,1,226,3.77,18.2,62.9,445,4,Warning
2024-01-01 03:47,1,227,3.78,19.1,62.9,422,2,Warning
2024-01-01 03:48,1,228,3.8,17.9,65.7,428,3,Warning
2024-01-01 03:49,1,229,3.82,18.7,62.3,421,6,Warning
2024-01-01 03:50,1,230,3.83,18.7,65.2,446,8,Warning
2024-01-01 03:51,1,231,3.85,18.8,64.0,450,0,Warning
2024-01-01 03:52,1,232,3.87,19.1,65.8,451,7,Warning
2024-01-01 03:53,1,233,3.88,19.0,62.2,474,6,Warning
2024-01-01 03:54,1,234,3.9,19.1,64.0,449,1,Warning
2024-01-01 03:55,1,235,3.92,18.5,62.6,445,10,Warning
2024-01-01 03:56,1,236,3.93,19.0,64.8,457,8,Warning
2024-01-01 03:57,1,237,3.95,18.6,64.0,428,10,Warning
2024-01-01 03:58,1,238,3.97,19.2,65.0,449,6,Warning
2024-01-01 03:59,1,239,3.98,18.9,62.8,445,6,Warning
2024-01-01 04:00,1,240,4.0,18.9,62.2,437,5,Warning
2024-01-01 04:01,1,241,4.02,19.8,64.6,428,1,Warning
2024-01-01 04:02,1,242,4.03,18.4,62.2,444,8,Warning
2024-01-01 04:03,1,243,4.05,18.4,65.6,435,6,Warning
2024-01-01 04:04,1,244,4.07,18.9,64.4,440,4,Warning
2024-01-01 04:05,1,245,4.08,19.4,63.1,441,2,Warning
2024-01-01 04:06,1,246,4.1,19.5,62.5,440,5,Warning
2024-01-01 04:07,1,247,4.12,18.7,62.7,438,8,Warning
2024-01-01 04:08,1,248,4.13,20.1,64.8,465,0,Warning
2024-01-01 04:09,1,249,4.15,19.5,64.2,435,2,Warning
2024-01-01 04:10,1,250,4.17,19.0,64.5,468,0,Warning
2024-01-01 04:11,1,251,4.18,18.9,62.0,436,2,Warning
2024-01-01 04:12,1,252,4.2,19.8,65.3,437,3,Warning
2024-01-01 04:13,1,253,4.22,19.3,63.2,426,5,Warning
2024-01-01 04:14,1,254,4.23,20.0,63.6,407,2,Warning
2024-01-01 04:15,1,255,4.25,19.0,63.8,450,7,Warning
2024-01-01 04:16,1,256,4.27,19.9,63.2,439,3,Warning
2024-01-01 04:17,1,257,4.28,20.1,61.7,439,10,Warning
2024-01-01 04:18,1,258,4.3,20.0,63.1,435,3,Warning
2024-01-01 04:19,1,259,4.32,19.6,63.5,419,3,Warning
2024-01-01 04:20,1,260,4.33,20.2,64.2,421,0,Warning
2024-01-01 04:21,1,261,4.35,19.8,62.8,440,3,Warning
2024-01-01 04:22,1,262,4.37,19.9,64.4,444,6,Warning
2024-01-01 04:23,1,263,4.38,20.5,61.2,404,5,Warning
2024-01-01 04:24,1,264,4.4,20.1,63.2,461,4,Warning
2024-01-01 04:25,1,265,4.42,19.4,61.0,455,7,Warning
2024-01-01 04:26,1,266,4.43,20.5,64.5,410,3,Warning
2024-01-01 04:27,1,267,4.45,19.9,62.4,422,5,Warning
2024-01-01 04:28,1,268,4.47,19.6,63.9,443,1,Warning
2024-01-01 04:29,1,269,4.48,20.2,61.5,460,10,Warning
2024-01-01 04:30,1,270,4.5,20.7,61.6,419,2,Warning
2024-01-01 04:31,1,271,4.52,20.4,63.7,443,10,Warning
2024-01-01 04:32,1,272,4.53,20.2,63.6,465,10,Warning
2024-01-01 04:33,1,273,4.55,21.0,62.8,470,5,Warning
2024-01-01 04:34,1,274,4.57,20.9,63.0,411,7,Warning
2024-01-01 04:35,1,275,4.58,20.3,61.7,416,5,Warning
2024-01-01 04:36,1,276,4.6,20.4,61.7,425,5,Warning
2024-01-01 04:37,1,277,4.62,21.0,60.7,448,9,Warning
2024-01-01 04:38,1,278,4.63,20.6,61.9,431,7,Warning
2024-01-01 04:39,1,279,4.65,21.2,62.6,447,7,Warning
2024-01-01 04:40,1,280,4.67,20.6,64.1,443,1,Warning
2024-01-01 04:41,1,281,4.68,20.6,60.9,440,7,Warning
2024-01-01 04:42,1,282,4.7,20.7,62.6,436,6,Warning
2024-01-01 04:43,1,283,4.72,20.6,61.5,469,10,Warning
2024-01-01 04:44,1,284,4.73,20.5,61.4,451,4,Warning
2024-01-01 04:45,1,285,4.75,20.4,63.4,486,2,Warning
2024-01-01 04:46,1,286,4.77,20.6,62.3,429,4,Warning
2024-01-01 04:47,1,287,4.78,21.6,62.7,457,1,Warning
2024-01-01 04:48,1,288,4.8,20.6,61.4,447,10,Warning
2024-01-01 04:49,1,289,4.82,21.3,63.6,482,1,Warning
2024-01-01 04:50,1,290,4.83,21.2,61.5,441,4,Warning
2024-01-01 04:51,1,291,4.85,20.5,60.6,478,3,Warning
2024-01-01 04:52,1,292,4.87,20.6,60.3,409,8,Warning
2024-01-01 04:53,1,293,4.88,21.6,63.0,446,10,Warning
2024-01-01 04:54,1,294,4.9,20.9,62.7,430,2,Warning
2024-01-01 04:55,1,295,4.92,20.7,62.9,448,7,Warning
2024-01-01 04:56,1,296,4.93,20.5,61.0,463,9,Warning
2024-01-01 04:57,1,297,4.95,20.9,62.5,456,3,Warning
2024-01-01 04:58,1,298,4.97,21.0,62.6,435,5,Warning
2024-01-01 04:59,1,299,4.98,21.7,61.6,440,6,Warning
2024-01-01 05:00,1,300,5.0,21.4,61.0,420,9,Warning
2024-01-01 05:01,1,301,5.02,20.9,60.3,455,8,Warning
2024-01-01 05:02,1,302,5.03,22.2,62.1,432,4,Warning
2024-01-01 05:03,1,303,5.05,20.9,59.8,454,2,Normal
2024-01-01 05:04,1,304,5.07,22.1,59.5,473,5,Normal
2024-01-01 05:05,1,305,5.08,22.3,60.7,442,3,Warning
2024-01-01 05:06,1,306,5.1,21.5,59.3,431,1,Normal
2024-01-01 05:07,1,307,5.12,22.3,61.6,447,0,Warning
2024-01-01 05:08,1,308,5.13,21.4,62.2,442,7,Warning
2024-01-01 05:09,1,309,5.15,21.7,58.9,419,3,Normal
2024-01-01 05:10,1,310,5.17,22.4,61.0,469,6,Warning
2024-01-01 05:11,1,311,5.18,21.3,59.9,418,3,Normal
2024-01-01 05:12,1,312,5.2,21.8,61.9,429,7,Warning
2024-01-01 05:13,1,313,5.22,22.1,58.7,440,2,Normal
2024-01-01 05:14,1,314,5.23,21.7,58.6,453,6,Normal
2024-01-01 05:15,1,315,5.25,21.5,61.2,449,1,Warning
2024-01-01 05:16,1,316,5.27,22.8,60.7,471,8,Warning
2024-01-01 05:17,1,317,5.28,21.4,61.9,426,5,Warning
2024-01-01 05:18,1,318,5.3,21.8,58.5,461,3,Normal
2024-01-01 05:19,1,319,5.32,22.6,60.9,459,2,Warning
2024-01-01 05:20,1,320,5.33,21.5,60.5,451,10,Warning
2024-01-01 05:21,1,321,5.35,22.2,61.0,439,1,Warning
2024-01-01 05:22,1,322,5.37,22.7,62.0,413,0,Warning
2024-01-01 05:23,1,323,5.38,22.9,61.7,434,8,Warning
2024-01-01 05:24,1,324,5.4,22.3,61.3,425,10,Warning
2024-01-01 05:25,1,325,5.42,22.0,59.4,460,4,Normal
2024-01-01 05:26,1,326,5.43,21.9,59.4,472,6,Normal
2024-01-01 05:27,1,327,5.45,22.3,58.7,457,8,Normal
2024-01-01 05:28,1,328,5.47,22.2,58.2,448,9,Normal
2024-01-01 05:29,1,329,5.48,23.4,58.5,420,1,Normal
2024-01-01 05:30,1,330,5.5,22.4,58.9,449,2,Normal
2024-01-01 05:31,1,331,5.52,23.0,59.1,424,9,Normal
2024-01-01 05:32,1,332,5.53,23.6,58.7,452,1,Normal
2024-01-01 05:33,1,333,5.55,23.1,59.2,435,0,Normal
2024-01-01 05:34,1,334,5.57,22.3,59.9,441,2,Normal
2024-01-01 05:35,1,335,5.58,22.2,60.6,442,9,Warning
2024-01-01 05:36,1,336,5.6,22.2,58.0,445,5,Normal
2024-01-01 05:37,1,337,5.62,22.9,57.7,429,6,Normal
2024-01-01 05:38,1,338,5.63,22.7,58.4,449,2,Normal
2024-01-01 05:39,1,339,5.65,23.1,58.8,444,4,Normal
2024-01-01 05:40,1,340,5.67,23.5,58.0,461,3,Normal
2024-01-01 05:41,1,341,5.68,22.6,60.5,450,1,Warning
2024-01-01 05:42,1,342,5.7,23.7,60.9,471,1,Warning
2024-01-01 05:43,1,343,5.72,23.3,58.2,424,10,Normal
2024-01-01 05:44,1,344,5.73,22.8,58.4,423,2,Normal
2024-01-01 05:45,1,345,5.75,22.9,58.9,454,5,Normal
2024-01-01 05:46,1,346,5.77,23.3,60.8,411,1,Warning
2024-01-01 05:47,1,347,5.78,23.1,60.8,468,6,Warning
2024-01-01 05:48,1,348,5.8,23.9,60.0,423,10,Warning
2024-01-01 05:49,1,349,5.82,22.8,58.5,433,8,Normal
2024-01-01 05:50,1,350,5.83,23.8,57.3,475,8,Normal
2024-01-01 05:51,1,351,5.85,24.3,56.8,415,4,Normal
2024-01-01 05:52,1,352,5.87,23.1,57.8,457,8,Normal
2024-01-01 05:53,1,353,5.88,24.3,59.8,452,8,Normal
2024-01-01 05:54,1,354,5.9,23.4,58.9,435,8,Normal
2024-01-01 05:55,1,355,5.92,24.0,58.7,439,10,Normal
2024-01-01 05:56,1,356,5.93,24.0,59.8,452,0,Normal
2024-01-01 05:57,1,357,5.95,24.4,56.3,438,4,Normal
2024-01-01 05:58,1,358,5.97,24.2,59.2,460,0,Normal
2024-01-01 05:59,1,359,5.98,24.0,58.6,433,7,Normal
2024-01-01 06:00,1,360,6.0,23.6,59.2,449,0,Normal
2024-01-01 06:01,1,361,6.02,24.3,56.6,449,0,Normal
2024-01-01 06:02,1,362,6.03,23.8,56.5,463,21,Normal
2024-01-01 06:03,1,363,6.05,24.9,57.2,442,9,Normal
2024-01-01 06:04,1,364,6.07,24.3,57.0,440,8,Normal
2024-01-01 06:05,1,365,6.08,23.8,56.1,438,38,Normal
2024-01-01 06:06,1,366,6.1,24.4,56.6,453,37,Normal
2024-01-01 06:07,1,367,6.12,24.0,57.9,425,19,Normal
2024-01-01 06:08,1,368,6.13,25.1,57.4,474,0,Normal
2024-01-01 06:09,1,369,6.15,23.7,57.0,437,6,Normal
2024-01-01 06:10,1,370,6.17,24.6,55.6,452,52,Normal
2024-01-01 06:11,1,371,6.18,25.0,58.0,414,52,Normal
2024-01-01 06:12,1,372,6.2,23.9,55.8,436,49,Normal
2024-01-01 06:13,1,373,6.22,24.4,55.4,437,16,Normal
2024-01-01 06:14,1,374,6.23,24.4,56.3,447,54,Normal
2024-01-01 06:15,1,375,6.25,24.7,58.4,470,16,Normal
2024-01-01 06:16,1,376,6.27,24.1,55.4,439,46,Normal
2024-01-01 06:17,1,377,6.28,25.4,58.0,441,39,Normal
2024-01-01 06:18,1,378,6.3,24.8,55.1,427,68,Normal
2024-01-01 06:19,1,379,6.32,24.8,56.7,462,27,Normal
2024-01-01 06:20,1,380,6.33,24.6,57.2,447,69,Normal
2024-01-01 06:21,1,381,6.35,25.5,57.1,457,58,Normal
2024-01-01 06:22,1,382,6.37,24.9,56.9,424,50,Normal
2024-01-01 06:23,1,383,6.38,24.7,55.0,439,80,Normal
2024-01-01 06:24,1,384,6.4,25.7,58.0,469,62,Normal
2024-01-01 06:25,1,385,6.42,24.7,57.1,485,71,Normal
2024-01-01 06:26,1,386,6.43,24.7,54.6,457,77,Normal
2024-01-01 06:27,1,387,6.45,25.5,57.4,434,42,Normal
2024-01-01 06:28,1,388,6.47,25.3,57.1,437,63,Normal
2024-01-01 06:29,1,389,6.48,25.1,55.8,442,94,Normal
2024-01-01 06:30,1,390,6.5,25.5,56.0,445,93,Normal
2024-01-01 06:31,1,391,6.52,24.8,54.9,446,83,Normal
2024-01-01 06:32,1,392,6.53,25.2,57.8,456,74,Normal
2024-01-01 06:33,1,393,6.55,25.5,56.6,459,95,Normal
2024-01-01 06:34,1,394,6.57,25.5,57.7,432,72,Normal
2024-01-01 06:35,1,395,6.58,26.2,57.7,451,105,Normal
2024-01-01 06:36,1,396,6.6,25.9,55.0,434,81,Normal
2024-01-01 06:37,1,397,6.62,25.0,56.4,443,118,Normal
2024-01-01 06:38,1,398,6.63,25.4,56.7,409,87,Normal
2024-01-01 06:39,1,399,6.65,26.4,53.9,462,118,Normal
2024-01-01 06:40,1,400,6.67,25.7,54.3,461,118,Normal
2024-01-01 06:41,1,401,6.68,25.4,53.8,452,91,Normal
2024-01-01 06:42,1,402,6.7,25.1,57.0,425,82,Normal
2024-01-01 06:43,1,403,6.72,25.2,54.6,431,81,Normal
2024-01-01 06:44,1,404,6.73,26.7,57.1,437,114,Normal
2024-01-01 06:45,1,405,6.75,26.2,56.2,432,128,Normal
2024-01-01 06:46,1,406,6.77,25.3,56.2,446,123,Normal
2024-01-01 06:47,1,407,6.78,26.4,56.4,412,118,Normal
2024-01-01 06:48,1,408,6.8,26.7,53.6,470,144,Normal
2024-01-01 06:49,1,409,6.82,26.1,56.6,466,153,Normal
2024-01-01 06:50,1,410,6.83,25.4,54.0,451,117,Normal
2024-01-01 06:51,1,411,6.85,26.1,55.3,434,156,Normal
2024-01-01 06:52,1,412,6.87,26.3,53.8,461,114,Normal
2024-01-01 06:53,1,413,6.88,26.7,55.2,435,154,Normal
2024-01-01 06:54,1,414,6.9,26.1,53.7,445,121,Normal
2024-01-01 06:55,1,415,6.92,26.6,55.0,447,144,Normal
2024-01-01 06:56,1,416,6.93,26.1,54.0,412,145,Normal
2024-01-01 06:57,1,417,6.95,26.2,53.3,428,145,Normal
2024-01-01 06:58,1,418,6.97,26.9,56.1,451,120,Normal
2024-01-01 06:59,1,419,6.98,26.2,53.6,418,151,Normal
2024-01-01 07:00,1,420,7.0,26.3,53.8,444,169,Normal
2024-01-01 07:01,1,421,7.02,26.0,55.7,453,141,Normal
2024-01-01 07:02,1,422,7.03,26.2,52.5,445,153,Normal
2024-01-01 07:03,1,423,7.05,26.6,54.1,457,183,Normal
2024-01-01 07:04,1,424,7.07,27.0,52.7,450,190,Normal
2024-01-01 07:05,1,425,7.08,27.3,53.9,449,141,Normal
2024-01-01 07:06,1,426,7.1,27.5,52.2,473,152,Normal
2024-01-01 07:07,1,427,7.12,27.0,52.3,449,170,Normal
2024-01-01 07:08,1,428,7.13,26.3,52.4,434,202,Normal
2024-01-01 07:09,1,429,7.15,27.0,54.8,454,173,Normal
2024-01-01 07:10,1,430,7.17,26.9,51.7,442,196,Normal
2024-01-01 07:11,1,431,7.18,26.3,52.4,413,189,Normal
2024-01-01 07:12,1,432,7.2,26.4,53.0,469,158,Normal
2024-01-01 07:13,1,433,7.22,27.8,51.5,448,175,Normal
2024-01-01 07:14,1,434,7.23,27.0,54.3,464,183,Normal
2024-01-01 07:15,1,435,7.25,28.0,52.7,467,186,Normal
2024-01-01 07:16,1,436,7.27,26.6,54.9,451,206,Normal
2024-01-01 07:17,1,437,7.28,27.9,51.5,474,200,Normal
2024-01-01 07:18,1,438,7.3,26.7,54.8,442,189,Normal
2024-01-01 07:19,1,439,7.32,27.3,53.7,445,224,Normal
2024-01-01 07:20,1,440,7.33,27.0,52.6,419,234,Normal
2024-01-01 07:21,1,441,7.35,28.1,53.8,427,216,Normal
2024-01-01 07:22,1,442,7.37,27.9,54.2,413,184,Normal
2024-01-01 07:23,1,443,7.38,26.9,50.7,432,197,Normal
2024-01-01 07:24,1,444,7.4,28.0,52.1,424,233,Normal
2024-01-01 07:25,1,445,7.42,28.2,50.7,443,201,Normal
2024-01-01 07:26,1,446,7.43,28.2,53.3,453,238,Normal
2024-01-01 07:27,1,447,7.45,28.0,51.6,424,234,Normal
2024-01-01 07:28,1,448,7.47,27.8,51.9,448,254,Normal
2024-01-01 07:29,1,449,7.48,27.9,53.1,435,232,Normal
2024-01-01 07:30,1,450,7.5,27.8,54.0,471,249,Normal
2024-01-01 07:31,1,451,7.52,27.9,52.8,439,226,Normal
2024-01-01 07:32,1,452,7.53,27.4,52.1,426,223,Normal
2024-01-01 07:33,1,453,7.55,28.5,50.5,426,241,Normal
2024-01-01 07:34,1,454,7.57,27.8,51.5,450,224,Normal
2024-01-01 07:35,1,455,7.58,27.6,51.1,431,265,Normal
2024-01-01 07:36,1,456,7.6,27.9,51.8,444,231,Normal
2024-01-01 07:37,1,457,7.62,27.9,52.0,405,228,Normal
2024-01-01 07:38,1,458,7.63,28.6,51.9,446,248,Normal
2024-01-01 07:39,1,459,7.65,27.7,53.1,415,234,Normal
2024-01-01 07:40,1,460,7.67,28.9,53.2,435,281,Normal
2024-01-01 07:41,1,461,7.68,27.9,51.7,425,260,Normal
2024-01-01 07:42,1,462,7.7,28.0,50.4,445,247,Normal
2024-01-01 07:43,1,463,7.72,28.0,51.2,430,281,Normal
2024-01-01 07:44,1,464,7.73,29.2,51.0,454,256,Normal
2024-01-01 07:45,1,465,7.75,28.1,49.2,452,236,Normal
2024-01-01 07:46,1,466,7.77,28.1,52.7,454,255,Normal
2024-01-01 07:47,1,467,7.78,27.9,50.2,433,271,Normal
2024-01-01 07:48,1,468,7.8,28.6,52.6,447,288,Normal
2024-01-01 07:49,1,469,7.82,28.8,50.7,430,254,Normal
2024-01-01 07:50,1,470,7.83,28.0,50.9,443,288,Normal
2024-01-01 07:51,1,471,7.85,29.4,50.7,445,309,Normal
2024-01-01 07:52,1,472,7.87,29.2,48.8,408,304,Normal
2024-01-01 07:53,1,473,7.88,28.9,48.8,420,285,Normal
2024-01-01 07:54,1,474,7.9,28.7,48.7,470,314,Normal
2024-01-01 07:55,1,475,7.92,28.8,50.3,435,284,Normal
2024-01-01 07:56,1,476,7.93,28.1,50.4,431,261,Normal
2024-01-01 07:57,1,477,7.95,28.9,51.0,432,269,Normal
2024-01-01 07:58,1,478,7.97,29.6,50.2,451,298,Normal
2024-01-01 07:59,1,479,7.98,28.6,49.5,444,290,Normal
2024-01-01 08:00,1,480,8.0,29.7,49.8,695,313,Normal
2024-01-01 08:01,1,481,8.02,28.6,50.7,686,313,Normal
2024-01-01 08:02,1,482,8.03,29.9,50.5,684,279,Normal
2024-01-01 08:03,1,483,8.05,29.0,49.3,713,279,Normal
2024-01-01 08:04,1,484,8.07,29.4,50.5,689,310,Normal
2024-01-01 08:05,1,485,8.08,29.7,50.2,706,317,Normal
2024-01-01 08:06,1,486,8.1,30.0,51.5,719,341,Warning
2024-01-01 08:07,1,487,8.12,28.5,48.4,723,315,Normal
2024-01-01 08:08,1,488,8.13,28.9,51.1,705,344,Normal
2024-01-01 08:09,1,489,8.15,29.4,50.0,701,349,Normal
2024-01-01 08:10,1,490,8.17,29.9,47.4,704,329,Normal
2024-01-01 08:11,1,491,8.18,28.8,50.5,717,353,Normal
2024-01-01 08:12,1,492,8.2,28.8,47.8,708,332,Normal
2024-01-01 08:13,1,493,8.22,30.0,48.6,728,319,Warning
2024-01-01 08:14,1,494,8.23,29.3,50.0,700,333,Normal
2024-01-01 08:15,1,495,8.25,29.9,48.3,702,330,Normal
2024-01-01 08:16,1,496,8.27,29.2,47.2,735,354,Normal
2024-01-01 08:17,1,497,8.28,29.8,49.2,719,308,Normal
2024-01-01 08:18,1,498,8.3,29.9,49.9,728,340,Normal
2024-01-01 08:19,1,499,8.32,29.3,48.9,725,338,Normal
2024-01-01 08:20,1,500,8.33,29.2,48.9,726,319,Normal
2024-01-01 08:21,1,501,8.35,30.2,47.7,718,361,Warning
2024-01-01 08:22,1,502,8.37,29.1,47.5,728,363,Normal
2024-01-01 08:23,1,503,8.38,30.3,47.0,729,340,Warning
2024-01-01 08:24,1,504,8.4,29.7,46.7,725,350,Normal
2024-01-01 08:25,1,505,8.42,29.7,47.3,716,329,Normal
2024-01-01 08:26,1,506,8.43,29.4,48.0,744,358,Normal
2024-01-01 08:27,1,507,8.45,29.8,46.2,732,363,Normal
2024-01-01 08:28,1,508,8.47,29.4,48.4,731,386,Normal
2024-01-01 08:29,1,509,8.48,29.9,47.1,736,382,Normal
2024-01-01 08:30,1,510,8.5,29.4,49.5,728,371,Normal
2024-01-01 08:31,1,511,8.52,30.2,48.6,724,345,Warning
2024-01-01 08:32,1,512,8.53,29.8,46.8,724,343,Normal
2024-01-01 08:33,1,513,8.55,29.7,46.8,735,371,Normal
2024-01-01 08:34,1,514,8.57,30.7,47.1,733,389,Warning
2024-01-01 08:35,1,515,8.58,30.5,47.9,731,374,Warning
2024-01-01 08:36,1,516,8.6,29.7,46.7,745,368,Normal
2024-01-01 08:37,1,517,8.62,30.9,46.9,742,377,Warning
2024-01-01 08:38,1,518,8.63,30.1,48.6,760,359,Warning
2024-01-01 08:39,1,519,8.65,30.1,47.7,735,383,Warning
2024-01-01 08:40,1,520,8.67,30.1,49.1,744,373,Warning
2024-01-01 08:41,1,521,8.68,30.8,47.7,761,407,Warning
2024-01-01 08:42,1,522,8.7,30.1,46.6,751,382,Warning
2024-01-01 08:43,1,523,8.72,29.9,47.3,765,395,Normal
2024-01-01 08:44,1,524,8.73,30.0,48.0,730,423,Warning
2024-01-01 08:45,1,525,8.75,31.0,48.7,743,393,Warning
2024-01-01 08:46,1,526,8.77,31.1,48.1,735,419,Warning
2024-01-01 08:47,1,527,8.78,31.2,47.9,763,377,Warning
2024-01-01 08:48,1,528,8.8,30.9,45.6,742,416,Warning
2024-01-01 08:49,1,529,8.82,30.6,46.1,762,411,Warning
2024-01-01 08:50,1,530,8.83,30.7,46.1,767,434,Warning
2024-01-01 08:51,1,531,8.85,31.5,47.2,770,379,Warning
2024-01-01 08:52,1,532,8.87,31.3,45.8,771,417,Warning
2024-01-01 08:53,1,533,8.88,31.1,44.7,754,423,Warning
2024-01-01 08:54,1,534,8.9,31.1,44.9,779,385,Warning
2024-01-01 08:55,1,535,8.92,31.0,46.8,766,432,Warning
2024-01-01 08:56,1,536,8.93,30.7,47.3,748,386,Warning
2024-01-01 08:57,1,537,8.95,30.3,44.9,776,423,Warning
2024-01-01 08:58,1,538,8.97,31.1,46.3,772,413,Warning
2024-01-01 08:59,1,539,8.98,30.9,47.0,782,436,Warning
2024-01-01 09:00,1,540,9.0,31.1,45.2,747,424,Warning
2024-01-01 09:01,1,541,9.02,30.5,45.5,752,403,Warning
2024-01-01 09:02,1,542,9.03,31.7,46.6,770,416,Warning
2024-01-01 09:03,1,543,9.05,30.9,46.8,783,429,Warning
2024-01-01 09:04,1,544,9.07,31.0,44.0,779,421,Warning
2024-01-01 09:05,1,545,9.08,30.5,43.7,759,404,Warning
2024-01-01 09:06,1,546,9.1,31.8,46.0,763,464,Warning
2024-01-01 09:07,1,547,9.12,32.1,44.4,765,442,Warning
2024-01-01 09:08,1,548,9.13,30.8,45.6,784,422,Warning
2024-01-01 09:09,1,549,9.15,31.8,45.8,767,450,Warning
2024-01-01 09:10,1,550,9.17,31.6,44.8,796,468,Warning
2024-01-01 09:11,1,551,9.18,30.9,45.5,782,414,Warning
2024-01-01 09:12,1,552,9.2,31.8,43.9,763,451,Warning
2024-01-01 09:13,1,553,9.22,30.8,46.5,771,440,Warning
2024-01-01 09:14,1,554,9.23,31.2,44.8,777,461,Warning
2024-01-01 09:15,1,555,9.25,32.1,45.0,803,441,Warning
2024-01-01 09:16,1,556,9.27,31.7,45.2,801,429,Warning
2024-01-01 09:17,1,557,9.28,31.3,46.1,804,435,Warning
2024-01-01 09:18,1,558,9.3,32.1,45.5,785,484,Warning
2024-01-01 09:19,1,559,9.32,31.8,42.9,775,447,Warning
2024-01-01 09:20,1,560,9.33,31.0,43.7,779,452,Warning
2024-01-01 09:21,1,561,9.35,32.0,44.5,795,469,Warning
2024-01-01 09:22,1,562,9.37,31.1,43.9,781,463,Warning
2024-01-01 09:23,1,563,9.38,32.0,45.1,782,469,Warning
2024-01-01 09:24,1,564,9.4,31.2,43.4,783,456,Warning
2024-01-01 09:25,1,565,9.42,32.3,44.7,795,497,Warning
2024-01-01 09:26,1,566,9.43,31.0,42.7,798,474,Warning
2024-01-01 09:27,1,567,9.45,31.9,44.1,806,467,Warning
2024-01-01 09:28,1,568,9.47,32.2,43.8,786,447,Warning
2024-01-01 09:29,1,569,9.48,32.0,45.1,792,462,Warning
2024-01-01 09:30,1,570,9.5,31.2,42.8,797,456,Warning
2024-01-01 09:31,1,571,9.52,32.4,44.1,811,482,Warning
2024-01-01 09:32,1,572,9.53,32.0,44.0,798,498,Warning
2024-01-01 09:33,1,573,9.55,32.1,45.6,816,502,Warning
2024-01-01 09:34,1,574,9.57,32.4,44.7,811,486,Warning
2024-01-01 09:35,1,575,9.58,31.6,43.3,799,472,Warning
2024-01-01 09:36,1,576,9.6,32.7,41.6,801,477,Warning
2024-01-01 09:37,1,577,9.62,32.7,41.8,793,505,Warning
2024-01-01 09:38,1,578,9.63,32.6,42.2,824,502,Warning
2024-01-01 09:39,1,579,9.65,31.9,44.1,828,486,Warning
2024-01-01 09:40,1,580,9.67,31.7,41.8,802,513,Warning
2024-01-01 09:41,1,581,9.68,31.7,41.4,812,496,Warning
2024-01-01 09:42,1,582,9.7,31.9,43.3,811,509,Warning
2024-01-01 09:43,1,583,9.72,31.9,43.3,824,522,Warning
2024-01-01 09:44,1,584,9.73,32.6,41.4,819,525,Warning
2024-01-01 09:45,1,585,9.75,31.6,42.0,802,512,Warning
2024-01-01 09:46,1,586,9.77,32.9,41.9,815,523,Warning
2024-01-01 09:47,1,587,9.78,32.0,44.2,821,502,Warning
2024-01-01 09:48,1,588,9.8,31.8,43.3,837,499,Warning
2024-01-01 09:49,1,589,9.82,32.2,41.0,803,499,Warning
2024-01-01 09:50,1,590,9.83,32.5,41.7,822,505,Warning
2024-01-01 09:51,1,591,9.85,33.2,41.9,800,532,Warning
2024-01-01 09:52,1,592,9.87,32.9,43.4,831,518,Warning
2024-01-01 09:53,1,593,9.88,32.8,41.9,807,530,Warning
2024-01-01 09:54,1,594,9.9,32.6,41.2,831,533,Warning
2024-01-01 09:55,1,595,9.92,32.1,41.4,823,503,Warning
2024-01-01 09:56,1,596,9.93,32.6,40.8,837,534,Warning
2024-01-01 09:57,1,597,9.95,32.3,42.9,810,487,Warning
2024-01-01 09:58,1,598,9.97,32.0,43.3,837,487,Warning
2024-01-01 09:59,1,599,9.98,32.0,43.5,837,517,Warning
2024-01-01 10:00,1,600,10.0,31.9,43.8,822,533,Warning
2024-01-01 10:01,1,601,10.02,33.3,43.5,830,500,Warning
2024-01-01 10:02,1,602,10.03,33.3,43.4,817,533,Warning
2024-01-01 10:03,1,603,10.05,32.5,40.1,823,496,Warning
2024-01-01 10:04,1,604,10.07,32.6,41.0,828,521,Warning
2024-01-01 10:05,1,605,10.08,33.0,42.5,815,509,Warning
2024-01-01 10:06,1,606,10.1,32.8,40.2,830,530,Warning
2024-01-01 10:07,1,607,10.12,33.1,39.6,838,550,Warning
2024-01-01 10:08,1,608,10.13,32.2,43.0,826,529,Warning
2024-01-01 10:09,1,609,10.15,32.2,41.0,825,506,Warning
2024-01-01 10:10,1,610,10.17,32.6,42.9,828,526,Warning
2024-01-01 10:11,1,611,10.18,33.3,42.4,829,544,Warning
2024-01-01 10:12,1,612,10.2,33.7,39.9,855,540,Warning
2024-01-01 10:13,1,613,10.22,32.1,41.8,851,527,Warning
2024-01-01 10:14,1,614,10.23,33.3,41.7,833,564,Warning
2024-01-01 10:15,1,615,10.25,32.8,41.9,838,513,Warning
2024-01-01 10:16,1,616,10.27,33.6,39.6,833,546,Warning
2024-01-01 10:17,1,617,10.28,33.4,40.4,854,530,Warning
2024-01-01 10:18,1,618,10.3,33.5,39.9,833,526,Warning
2024-01-01 10:19,1,619,10.32,33.1,41.3,867,530,Warning
2024-01-01 10:20,1,620,10.33,33.5,41.6,849,526,Warning
2024-01-01 10:21,1,621,10.35,33.1,40.8,855,532,Warning
2024-01-01 10:22,1,622,10.37,33.3,41.8,846,546,Warning
2024-01-01 10:23,1,623,10.38,32.9,39.6,872,555,Warning
2024-01-01 10:24,1,624,10.4,32.4,42.2,833,541,Warning
2024-01-01 10:25,1,625,10.42,33.8,39.1,870,545,Warning
2024-01-01 10:26,1,626,10.43,33.0,41.2,865,569,Warning
2024-01-01 10:27,1,627,10.45,32.5,40.8,836,537,Warning
2024-01-01 10:28,1,628,10.47,32.8,42.1,862,554,Warning
2024-01-01 10:29,1,629,10.48,32.9,41.2,864,550,Warning
2024-01-01 10:30,1,630,10.5,33.6,38.6,873,558,Warning
2024-01-01 10:31,1,631,10.52,33.4,39.3,859,530,Warning
2024-01-01 10:32,1,632,10.53,33.3,39.0,850,560,Warning
2024-01-01 10:33,1,633,10.55,33.0,40.4,846,546,Warning
2024-01-01 10:34,1,634,10.57,33.6,41.0,858,531,Warning
2024-01-01 10:35,1,635,10.58,32.9,41.7,851,558,Warning
2024-01-01 10:36,1,636,10.6,33.5,38.2,856,537,Warning
2024-01-01 10:37,1,637,10.62,32.6,38.4,846,541,Warning
2024-01-01 10:38,1,638,10.63,33.4,39.2,880,582,Warning
2024-01-01 10:39,1,639,10.65,33.9,38.8,871,540,Warning
2024-01-01 10:40,1,640,10.67,33.8,41.2,855,582,Warning
2024-01-01 10:41,1,641,10.68,34.1,39.0,876,551,Warning
2024-01-01 10:42,1,642,10.7,33.5,38.7,886,575,Warning
2024-01-01 10:43,1,643,10.72,32.8,39.4,874,539,Warning
2024-01-01 10:44,1,644,10.73,33.5,39.8,875,547,Warning
2024-01-01 10:45,1,645,10.75,33.1,37.9,889,581,Warning
2024-01-01 10:46,1,646,10.77,33.8,38.3,886,538,Warning
2024-01-01 10:47,1,647,10.78,32.8,40.8,870,541,Warning
2024-01-01 10:48,1,648,10.8,33.5,38.8,865,551,Warning
2024-01-01 10:49,1,649,10.82,34.2,40.7,892,592,Warning
2024-01-01 10:50,1,650,10.83,34.2,40.2,884,556,Warning
2024-01-01 10:51,1,651,10.85,33.3,38.8,879,560,Warning
2024-01-01 10:52,1,652,10.87,34.1,39.4,866,575,Warning
2024-01-01 10:53,1,653,10.88,33.9,37.2,874,595,Warning
2024-01-01 10:54,1,654,10.9,33.6,37.2,886,549,Warning
2024-01-01 10:55,1,655,10.92,34.2,40.4,881,566,Warning
2024-01-01 10:56,1,656,10.93,33.0,38.7,886,558,Warning
2024-01-01 10:57,1,657,10.95,33.3,40.0,903,562,Warning
2024-01-01 10:58,1,658,10.97,33.6,39.2,896,597,Warning
2024-01-01 10:59,1,659,10.98,34.1,39.7,900,596,Warning
2024-01-01 11:00,1,660,11.0,34.1,37.3,893,550,Warning
2024-01-01 11:01,1,661,11.02,33.2,38.0,867,610,Warning
2024-01-01 11:02,1,662,11.03,33.4,39.6,892,604,Warning
2024-01-01 11:03,1,663,11.05,34.1,37.8,882,584,Warning
2024-01-01 11:04,1,664,11.07,34.5,38.2,873,561,Warning
2024-01-01 11:05,1,665,11.08,34.1,36.8,885,609,Warning
2024-01-01 11:06,1,666,11.1,34.3,38.0,895,582,Warning
2024-01-01 11:07,1,667,11.12,34.5,36.7,879,586,Warning
2024-01-01 11:08,1,668,11.13,33.2,39.6,877,591,Warning
2024-01-01 11:09,1,669,11.15,33.9,38.0,882,570,Warning
2024-01-01 11:10,1,670,11.17,33.4,39.6,900,599,Warning
2024-01-01 11:11,1,671,11.18,34.3,37.5,904,573,Warning
2024-01-01 11:12,1,672,11.2,33.4,39.9,885,605,Warning
2024-01-01 11:13,1,673,11.22,34.2,36.5,884,567,Warning
2024-01-01 11:14,1,674,11.23,33.7,37.3,886,591,Warning
2024-01-01 11:15,1,675,11.25,33.6,39.1,907,577,Warning
2024-01-01 11:16,1,676,11.27,33.8,39.3,885,568,Warning
2024-01-01 11:17,1,677,11.28,34.3,37.1,919,561,Warning
2024-01-01 11:18,1,678,11.3,33.4,39.3,891,564,Warning
2024-01-01 11:19,1,679,11.32,34.2,39.7,908,592,Warning
2024-01-01 11:20,1,680,11.33,33.1,36.9,895,561,Warning
2024-01-01 11:21,1,681,11.35,34.6,39.1,919,608,Warning
2024-01-01 11:22,1,682,11.37,33.9,36.0,891,612,Warning
2024-01-01 11:23,1,683,11.38,34.3,36.1,889,615,Warning
2024-01-01 11:24,1,684,11.4,34.3,36.5,899,614,Warning
2024-01-01 11:25,1,685,11.42,33.7,38.3,893,600,Warning
2024-01-01 11:26,1,686,11.43,34.0,39.1,892,564,Warning
2024-01-01 11:27,1,687,11.45,34.7,36.2,917,614,Warning
2024-01-01 11:28,1,688,11.47,33.3,39.0,911,571,Warning
2024-01-01 11:29,1,689,11.48,33.2,37.2,901,623,Warning
2024-01-01 11:30,1,690,11.5,34.0,38.6,917,595,Warning
2024-01-01 11:31,1,691,11.52,33.2,38.0,903,587,Warning
2024-01-01 11:32,1,692,11.53,33.5,36.0,910,593,Warning
2024-01-01 11:33,1,693,11.55,34.5,35.3,933,604,Warning
2024-01-01 11:34,1,694,11.57,33.5,36.3,921,622,Warning
2024-01-01 11:35,1,695,11.58,34.0,35.3,913,590,Warning
2024-01-01 11:36,1,696,11.6,33.4,35.9,929,581,Warning
2024-01-01 11:37,1,697,11.62,34.2,38.2,898,590,Warning
2024-01-01 11:38,1,698,11.63,34.4,36.4,932,617,Warning
2024-01-01 11:39,1,699,11.65,33.9,38.6,931,587,Warning
2024-01-01 11:40,1,700,11.67,33.8,35.6,919,605,Warning
2024-01-01 11:41,1,701,11.68,33.5,38.4,917,570,Warning
2024-01-01 11:42,1,702,11.7,34.5,36.7,923,617,Warning
2024-01-01 11:43,1,703,11.72,34.1,35.7,912,574,Warning
2024-01-01 11:44,1,704,11.73,33.6,35.7,936,620,Warning
2024-01-01 11:45,1,705,11.75,34.4,37.6,917,604,Warning
2024-01-01 11:46,1,706,11.77,34.5,37.8,926,627,Warning
2024-01-01 11:47,1,707,11.78,34.5,38.0,916,584,Warning
2024-01-01 11:48,1,708,11.8,34.1,37.8,927,627,Warning
2024-01-01 11:49,1,709,11.82,34.1,37.4,928,629,Warning
2024-01-01 11:50,1,710,11.83,34.1,35.1,919,622,Warning
2024-01-01 11:51,1,711,11.85,34.8,38.0,939,603,Warning
2024-01-01 11:52,1,712,11.87,33.7,36.4,913,572,Warning
2024-01-01 11:53,1,713,11.88,33.6,35.3,942,599,Warning
2024-01-01 11:54,1,714,11.9,33.2,38.0,922,620,Warning
2024-01-01 11:55,1,715,11.92,33.4,37.2,931,572,Warning
2024-01-01 11:56,1,716,11.93,33.2,36.6,920,618,Warning
2024-01-01 11:57,1,717,11.95,33.4,36.4,935,573,Warning
2024-01-01 11:58,1,718,11.97,33.8,38.0,938,606,Warning
2024-01-01 11:59,1,719,11.98,33.4,35.4,921,579,Warning
2024-01-01 12:00,1,720,12.0,34.4,35.9,954,601,Warning
2024-01-01 12:01,1,721,12.02,34.2,34.8,950,613,Warning
2024-01-01 12:02,1,722,12.03,34.6,36.5,937,583,Warning
2024-01-01 12:03,1,723,12.05,34.3,37.3,940,588,Warning
2024-01-01 12:04,1,724,12.07,34.4,35.2,928,615,Warning
2024-01-01 12:05,1,725,12.08,33.2,36.8,954,594,Warning
2024-01-01 12:06,1,726,12.1,34.6,37.0,954,571,Warning
2024-01-01 12:07,1,727,12.12,33.5,35.2,958,583,Warning
2024-01-01 12:08,1,728,12.13,34.2,34.3,951,578,Warning
2024-01-01 12:09,1,729,12.15,33.7,34.2,942,589,Warning
2024-01-01 12:10,1,730,12.17,33.5,37.3,926,621,Warning
2024-01-01 12:11,1,731,12.18,34.3,36.3,943,597,Warning
2024-01-01 12:12,1,732,12.2,33.2,34.6,926,591,Warning
2024-01-01 12:13,1,733,12.22,33.6,34.1,923,572,Warning
2024-01-01 12:14,1,734,12.23,33.8,36.6,934,624,Warning
2024-01-01 12:15,1,735,12.25,33.8,37.2,946,602,Warning
2024-01-01 12:16,1,736,12.27,33.8,36.9,961,609,Warning
2024-01-01 12:17,1,737,12.28,34.4,34.5,953,572,Warning
2024-01-01 12:18,1,738,12.3,34.4,33.7,927,588,Warning
2024-01-01 12:19,1,739,12.32,33.6,33.9,948,577,Warning
2024-01-01 12:20,1,740,12.33,34.6,34.1,931,602,Warning
2024-01-01 12:21,1,741,12.35,34.7,37.4,949,605,Warning
2024-01-01 12:22,1,742,12.37,34.7,37.0,930,594,Warning
2024-01-01 12:23,1,743,12.38,34.7,34.1,956,576,Warning
2024-01-01 12:24,1,744,12.4,33.2,34.7,942,592,Warning
2024-01-01 12:25,1,745,12.42,34.3,36.2,964,582,Warning
2024-01-01 12:26,1,746,12.43,34.2,34.5,937,569,Warning
2024-01-01 12:27,1,747,12.45,33.8,35.5,963,574,Warning
2024-01-01 12:28,1,748,12.47,33.2,33.3,937,583,Warning
2024-01-01 12:29,1,749,12.48,34.4,35.7,963,577,Warning
2024-01-01 12:30,1,750,12.5,33.3,34.0,974,582,Warning
2024-01-01 12:31,1,751,12.52,34.7,35.1,941,583,Warning
2024-01-01 12:32,1,752,12.53,34.4,35.0,951,569,Warning
2024-01-01 12:33,1,753,12.55,34.1,34.7,958,619,Warning
2024-01-01 12:34,1,754,12.57,33.7,33.9,938,579,Warning
2024-01-01 12:35,1,755,12.58,33.8,34.1,953,599,Warning
2024-01-01 12:36,1,756,12.6,33.2,36.1,943,567,Warning
2024-01-01 12:37,1,757,12.62,34.1,36.3,964,610,Warning
2024-01-01 12:38,1,758,12.63,34.0,35.2,962,613,Warning
2024-01-01 12:39,1,759,12.65,33.9,36.9,969,597,Warning
2024-01-01 12:40,1,760,12.67,34.5,34.9,944,585,Warning
2024-01-01 12:41,1,761,12.68,34.5,35.8,972,596,Warning
2024-01-01 12:42,1,762,12.7,34.5,36.1,979,568,Warning
2024-01-01 12:43,1,763,12.72,33.2,35.9,952,619,Warning
2024-01-01 12:44,1,764,12.73,34.6,36.8,954,566,Warning
2024-01-01 12:45,1,765,12.75,33.1,33.2,969,570,Warning
2024-01-01 12:46,1,766,12.77,34.6,35.3,981,573,Warning
2024-01-01 12:47,1,767,12.78,33.5,35.7,947,562,Warning
2024-01-01 12:48,1,768,12.8,33.6,34.4,964,610,Warning
2024-01-01 12:49,1,769,12.82,33.4,34.6,944,606,Warning
2024-01-01 12:50,1,770,12.83,34.1,35.1,971,562,Warning
2024-01-01 12:51,1,771,12.85,33.6,33.3,982,592,Warning
2024-01-01 12:52,1,772,12.87,34.2,36.5,952,590,Warning
2024-01-01 12:53,1,773,12.88,34.2,35.8,980,610,Warning
2024-01-01 12:54,1,774,12.9,33.5,34.3,971,594,Warning
2024-01-01 12:55,1,775,12.92,33.7,35.1,949,563,Warning
2024-01-01 12:56,1,776,12.93,33.3,33.2,986,595,Warning
2024-01-01 12:57,1,777,12.95,34.0,32.8,969,595,Warning
2024-01-01 12:58,1,778,12.97,33.3,35.6,966,607,Warning
2024-01-01 12:59,1,779,12.98,33.5,33.9,968,569,Warning
2024-01-01 13:00,1,780,13.0,33.3,34.5,956,604,Warning
2024-01-01 13:01,1,781,13.02,33.2,33.7,978,597,Warning
2024-01-01 13:02,1,782,13.03,34.2,33.6,977,586,Warning
2024-01-01 13:03,1,783,13.05,33.9,33.2,964,605,Warning
2024-01-01 13:04,1,784,13.07,34.1,35.4,985,601,Warning
2024-01-01 13:05,1,785,13.08,33.4,32.7,962,550,Warning
2024-01-01 13:06,1,786,13.1,33.3,34.5,961,594,Warning
2024-01-01 13:07,1,787,13.12,34.1,35.9,954,555,Warning
2024-01-01 13:08,1,788,13.13,33.1,35.7,957,558,Warning
2024-01-01 13:09,1,789,13.15,32.8,32.6,977,588,Warning
2024-01-01 13:10,1,790,13.17,33.1,33.9,983,574,Warning
2024-01-01 13:11,1,791,13.18,33.4,36.1,956,556,Warning
2024-01-01 13:12,1,792,13.2,33.3,34.7,966,595,Warning
2024-01-01 13:13,1,793,13.22,33.5,34.5,978,549,Warning
2024-01-01 13:14,1,794,13.23,34.0,33.4,961,556,Warning
2024-01-01 13:15,1,795,13.25,32.7,32.5,993,587,Warning
2024-01-01 13:16,1,796,13.27,34.2,35.7,971,580,Warning
2024-01-01 13:17,1,797,13.28,33.0,34.9,990,537,Warning
2024-01-01 13:18,1,798,13.3,34.0,36.1,958,565,Warning
2024-01-01 13:19,1,799,13.32,34.1,34.8,996,585,Warning
2024-01-01 13:20,1,800,13.33,32.6,33.3,978,578,Warning
2024-01-01 13:21,1,801,13.35,34.1,34.8,986,589,Warning
2024-01-01 13:22,1,802,13.37,33.2,33.6,976,545,Warning
2024-01-01 13:23,1,803,13.38,33.3,34.9,999,556,Warning
2024-01-01 13:24,1,804,13.4,33.5,32.2,983,565,Warning
2024-01-01 13:25,1,805,13.42,33.6,34.6,980,572,Warning
2024-01-01 13:26,1,806,13.43,32.7,32.4,978,568,Warning
2024-01-01 13:27,1,807,13.45,33.0,33.3,981,539,Warning
2024-01-01 13:28,1,808,13.47,32.7,35.2,965,577,Warning
2024-01-01 13:29,1,809,13.48,33.8,35.4,987,567,Warning
2024-01-01 13:30,1,810,13.5,33.0,32.7,964,565,Warning
2024-01-01 13:31,1,811,13.52,33.2,33.3,989,548,Warning
2024-01-01 13:32,1,812,13.53,33.0,32.3,999,574,Warning
2024-01-01 13:33,1,813,13.55,32.7,35.0,978,564,Warning
2024-01-01 13:34,1,814,13.57,33.2,35.2,986,552,Warning
2024-01-01 13:35,1,815,13.58,32.8,32.8,999,530,Warning
2024-01-01 13:36,1,816,13.6,32.8,34.0,981,564,Warning
2024-01-01 13:37,1,817,13.62,33.6,35.1,976,577,Warning
2024-01-01 13:38,1,818,13.63,33.4,33.4,971,529,Warning
2024-01-01 13:39,1,819,13.65,32.8,35.0,985,540,Warning
2024-01-01 13:40,1,820,13.67,33.5,33.4,982,550,Warning
2024-01-01 13:41,1,821,13.68,32.7,35.5,997,515,Warning
2024-01-01 13:42,1,822,13.7,33.6,34.4,1006,515,Warning
2024-01-01 13:43,1,823,13.72,33.0,32.8,974,565,Warning
2024-01-01 13:44,1,824,13.73,33.3,34.2,993,512,Warning
2024-01-01 13:45,1,825,13.75,33.6,32.6,980,529,Warning
2024-01-01 13:46,1,826,13.77,32.8,34.3,997,515,Warning
2024-01-01 13:47,1,827,13.78,32.6,34.9,973,536,Warning
2024-01-01 13:48,1,828,13.8,32.6,36.0,989,544,Warning
2024-01-01 13:49,1,829,13.82,32.2,33.8,982,551,Warning
2024-01-01 13:50,1,830,13.83,33.3,34.3,979,533,Warning
2024-01-01 13:51,1,831,13.85,33.3,35.1,978,539,Warning
2024-01-01 13:52,1,832,13.87,32.7,33.7,997,529,Warning
2024-01-01 13:53,1,833,13.88,32.6,32.2,982,544,Warning
2024-01-01 13:54,1,834,13.9,32.6,32.1,990,545,Warning
2024-01-01 13:55,1,835,13.92,33.3,32.8,971,536,Warning
2024-01-01 13:56,1,836,13.93,33.1,32.9,993,513,Warning
2024-01-01 13:57,1,837,13.95,32.1,33.5,1008,512,Warning
2024-01-01 13:58,1,838,13.97,32.2,35.3,990,552,Warning
2024-01-01 13:59,1,839,13.98,32.3,34.9,1010,523,Warning
2024-01-01 14:00,1,840,14.0,32.4,35.6,980,510,Warning
2024-01-01 14:01,1,841,14.02,33.4,34.0,984,498,Warning
2024-01-01 14:02,1,842,14.03,33.3,35.7,997,487,Warning
2024-01-01 14:03,1,843,14.05,32.2,34.9,981,498,Warning
2024-01-01 14:04,1,844,14.07,32.9,34.4,983,491,Warning
2024-01-01 14:05,1,845,14.08,32.3,34.6,975,506,Warning
2024-01-01 14:06,1,846,14.1,33.1,33.0,1007,520,Warning
2024-01-01 14:07,1,847,14.12,31.8,36.0,980,521,Warning
2024-01-01 14:08,1,848,14.13,33.0,32.2,981,504,Warning
2024-01-01 14:09,1,849,14.15,32.4,32.5,990,507,Warning
2024-01-01 14:10,1,850,14.17,32.8,32.8,1014,476,Warning
2024-01-01 14:11,1,851,14.18,32.1,34.7,1007,491,Warning
2024-01-01 14:12,1,852,14.2,32.6,34.8,1001,526,Warning
2024-01-01 14:13,1,853,14.22,33.0,34.1,1014,478,Warning
2024-01-01 14:14,1,854,14.23,32.0,35.2,1006,482,Warning
2024-01-01 14:15,1,855,14.25,32.5,35.1,1008,480,Warning
2024-01-01 14:16,1,856,14.27,32.1,33.7,985,469,Warning
2024-01-01 14:17,1,857,14.28,32.3,35.7,1006,486,Warning
2024-01-01 14:18,1,858,14.3,31.8,32.1,981,522,Warning
2024-01-01 14:19,1,859,14.32,31.6,34.4,1007,471,Warning
2024-01-01 14:20,1,860,14.33,32.9,35.2,980,507,Warning
2024-01-01 14:21,1,861,14.35,32.5,35.7,990,488,Warning
2024-01-01 14:22,1,862,14.37,32.9,33.3,1005,461,Warning
2024-01-01 14:23,1,863,14.38,31.5,32.8,979,510,Warning
2024-01-01 14:24,1,864,14.4,31.8,35.3,997,482,Warning
2024-01-01 14:25,1,865,14.42,32.4,32.5,979,453,Warning
2024-01-01 14:26,1,866,14.43,32.6,34.8,987,473,Warning
2024-01-01 14:27,1,867,14.45,31.8,33.9,1016,467,Warning
2024-01-01 14:28,1,868,14.47,32.6,32.5,998,460,Warning
2024-01-01 14:29,1,869,14.48,31.3,33.7,1006,464,Warning
2024-01-01 14:30,1,870,14.5,32.5,34.9,1008,497,Warning
2024-01-01 14:31,1,871,14.52,31.8,35.7,988,451,Warning
2024-01-01 14:32,1,872,14.53,31.3,35.1,988,448,Warning
2024-01-01 14:33,1,873,14.55,31.7,34.5,1014,484,Warning
2024-01-01 14:34,1,874,14.57,31.7,34.6,1000,478,Warning
2024-01-01 14:35,1,875,14.58,31.0,34.9,986,467,Warning
2024-01-01 14:36,1,876,14.6,32.4,32.6,1004,464,Warning
2024-01-01 14:37,1,877,14.62,31.0,33.3,998,434,Warning
2024-01-01 14:38,1,878,14.63,32.0,34.9,1014,478,Warning
2024-01-01 14:39,1,879,14.65,31.8,36.1,1000,464,Warning
2024-01-01 14:40,1,880,14.67,31.7,35.0,985,456,Warning
2024-01-01 14:41,1,881,14.68,31.9,33.2,1001,469,Warning
2024-01-01 14:42,1,882,14.7,31.9,33.8,1014,483,Warning
2024-01-01 14:43,1,883,14.72,32.4,32.5,989,456,Warning
2024-01-01 14:44,1,884,14.73,32.1,35.7,989,426,Warning
2024-01-01 14:45,1,885,14.75,31.9,33.6,1000,438,Warning
2024-01-01 14:46,1,886,14.77,30.8,33.2,1003,444,Warning
2024-01-01 14:47,1,887,14.78,32.0,32.7,1007,468,Warning
2024-01-01 14:48,1,888,14.8,31.5,32.7,1010,443,Warning
2024-01-01 14:49,1,889,14.82,31.1,36.3,980,420,Warning
2024-01-01 14:50,1,890,14.83,31.2,32.5,1014,412,Warning
2024-01-01 14:51,1,891,14.85,31.9,35.6,1018,450,Warning
2024-01-01 14:52,1,892,14.87,31.0,34.4,992,449,Warning
2024-01-01 14:53,1,893,14.88,31.6,36.2,1002,459,Warning
2024-01-01 14:54,1,894,14.9,30.5,33.3,1008,426,Warning
2024-01-01 14:55,1,895,14.92,31.3,34.9,1009,448,Warning
2024-01-01 14:56,1,896,14.93,31.4,35.3,986,407,Warning
2024-01-01 14:57,1,897,14.95,31.6,33.4,1000,421,Warning
2024-01-01 14:58,1,898,14.97,31.7,36.4,997,432,Warning
2024-01-01 14:59,1,899,14.98,31.1,35.3,981,453,Warning
2024-01-01 15:00,1,900,15.0,30.5,33.1,1006,400,Warning
2024-01-01 15:01,1,901,15.02,30.6,33.3,986,451,Warning
2024-01-01 15:02,1,902,15.03,31.6,33.4,991,435,Warning
2024-01-01 15:03,1,903,15.05,30.7,35.6,981,447,Warning
2024-01-01 15:04,1,904,15.07,31.2,35.3,986,435,Warning
2024-01-01 15:05,1,905,15.08,31.5,34.5,1016,416,Warning
2024-01-01 15:06,1,906,15.1,30.3,34.7,1012,430,Warning
2024-01-01 15:07,1,907,15.12,30.1,36.4,1016,411,Warning
2024-01-01 15:08,1,908,15.13,31.5,35.8,990,423,Warning
2024-01-01 15:09,1,909,15.15,30.9,35.6,987,383,Warning
2024-01-01 15:10,1,910,15.17,30.6,35.1,999,407,Warning
2024-01-01 15:11,1,911,15.18,31.3,34.4,1017,431,Warning
2024-01-01 15:12,1,912,15.2,31.0,33.8,1004,392,Warning
2024-01-01 15:13,1,913,15.22,31.4,34.6,987,377,Warning
2024-01-01 15:14,1,914,15.23,30.5,35.6,1011,386,Warning
2024-01-01 15:15,1,915,15.25,31.1,35.0,999,410,Warning
2024-01-01 15:16,1,916,15.27,30.9,35.1,992,375,Warning
2024-01-01 15:17,1,917,15.28,30.1,35.8,1001,419,Warning
2024-01-01 15:18,1,918,15.3,30.8,36.8,990,391,Warning
2024-01-01 15:19,1,919,15.32,30.5,35.5,986,405,Warning
2024-01-01 15:20,1,920,15.33,30.2,34.9,1015,415,Warning
2024-01-01 15:21,1,921,15.35,30.7,34.7,1013,371,Warning
2024-01-01 15:22,1,922,15.37,31.0,34.7,978,384,Warning
2024-01-01 15:23,1,923,15.38,29.7,34.6,981,391,Normal
2024-01-01 15:24,1,924,15.4,29.6,34.1,988,365,Normal
2024-01-01 15:25,1,925,15.42,30.6,33.7,981,389,Warning
2024-01-01 15:26,1,926,15.43,30.7,33.9,1012,345,Warning
2024-01-01 15:27,1,927,15.45,30.0,34.9,1017,396,Warning
2024-01-01 15:28,1,928,15.47,30.4,35.4,992,386,Warning
2024-01-01 15:29,1,929,15.48,30.4,34.7,1010,387,Warning
2024-01-01 15:30,1,930,15.5,30.6,36.0,981,394,Warning
2024-01-01 15:31,1,931,15.52,29.9,34.9,997,368,Normal
2024-01-01 15:32,1,932,15.53,29.3,36.2,989,370,Normal
2024-01-01 15:33,1,933,15.55,30.6,36.7,1005,381,Warning
2024-01-01 15:34,1,934,15.57,29.5,35.9,1000,374,Normal
2024-01-01 15:35,1,935,15.58,30.1,36.3,989,373,Warning
2024-01-01 15:36,1,936,15.6,30.2,34.2,1005,333,Warning
2024-01-01 15:37,1,937,15.62,30.6,33.7,988,367,Warning
2024-01-01 15:38,1,938,15.63,29.8,34.9,1003,335,Normal
2024-01-01 15:39,1,939,15.65,29.9,34.0,1013,370,Normal
2024-01-01 15:40,1,940,15.67,29.3,34.8,985,316,Normal
2024-01-01 15:41,1,941,15.68,29.1,34.8,979,360,Normal
2024-01-01 15:42,1,942,15.7,30.4,36.0,995,340,Warning
2024-01-01 15:43,1,943,15.72,30.1,35.8,980,357,Warning
2024-01-01 15:44,1,944,15.73,29.9,35.7,986,338,Normal
2024-01-01 15:45,1,945,15.75,28.9,35.7,1001,337,Normal
2024-01-01 15:46,1,946,15.77,29.6,34.0,989,357,Normal
2024-01-01 15:47,1,947,15.78,29.0,35.0,998,316,Normal
2024-01-01 15:48,1,948,15.8,29.0,36.8,1008,326,Normal
2024-01-01 15:49,1,949,15.82,30.2,37.1,974,301,Warning
2024-01-01 15:50,1,950,15.83,29.6,35.6,1013,350,Normal
2024-01-01 15:51,1,951,15.85,29.5,37.7,994,314,Normal
2024-01-01 15:52,1,952,15.87,30.0,37.7,998,303,Warning
2024-01-01 15:53,1,953,15.88,29.3,35.0,1007,337,Normal
2024-01-01 15:54,1,954,15.9,29.7,36.0,1005,311,Normal
2024-01-01 15:55,1,955,15.92,29.2,35.2,985,301,Normal
2024-01-01 15:56,1,956,15.93,29.2,37.8,983,328,Normal
2024-01-01 15:57,1,957,15.95,29.2,34.1,977,289,Normal
2024-01-01 15:58,1,958,15.97,29.3,37.2,999,327,Normal
2024-01-01 15:59,1,959,15.98,28.4,36.3,999,313,Normal
2024-01-01 16:00,1,960,16.0,29.5,34.4,981,270,Normal
2024-01-01 16:01,1,961,16.02,28.9,35.5,977,271,Normal
2024-01-01 16:02,1,962,16.03,28.2,37.4,1006,269,Normal
2024-01-01 16:03,1,963,16.05,29.0,35.2,987,289,Normal
2024-01-01 16:04,1,964,16.07,28.7,36.8,998,280,Normal
2024-01-01 16:05,1,965,16.08,28.0,37.0,1005,258,Normal
2024-01-01 16:06,1,966,16.1,29.0,36.8,1007,258,Normal
2024-01-01 16:07,1,967,16.12,29.1,34.7,1002,259,Normal
2024-01-01 16:08,1,968,16.13,28.4,37.2,1008,256,Normal
2024-01-01 16:09,1,969,16.15,28.3,38.2,994,274,Normal
2024-01-01 16:10,1,970,16.17,29.1,34.6,979,281,Normal
2024-01-01 16:11,1,971,16.18,28.1,37.5,1003,262,Normal
2024-01-01 16:12,1,972,16.2,29.3,35.2,992,302,Normal
2024-01-01 16:13,1,973,16.22,27.7,38.1,977,247,Normal
2024-01-01 16:14,1,974,16.23,27.7,36.9,993,271,Normal
2024-01-01 16:15,1,975,16.25,28.5,35.0,981,282,Normal
2024-01-01 16:16,1,976,16.27,28.8,37.6,980,259,Normal
2024-01-01 16:17,1,977,16.28,29.0,38.2,976,240,Normal
2024-01-01 16:18,1,978,16.3,27.8,37.3,983,240,Normal
2024-01-01 16:19,1,979,16.32,27.6,37.5,1003,279,Normal
2024-01-01 16:20,1,980,16.33,27.5,37.9,1001,252,Normal
2024-01-01 16:21,1,981,16.35,28.4,35.2,970,237,Normal
2024-01-01 16:22,1,982,16.37,27.5,37.9,997,278,Normal
2024-01-01 16:23,1,983,16.38,27.8,35.5,980,222,Normal
2024-01-01 16:24,1,984,16.4,27.7,35.3,977,234,Normal
2024-01-01 16:25,1,985,16.42,28.0,36.4,983,255,Normal
2024-01-01 16:26,1,986,16.43,28.1,37.4,987,260,Normal
2024-01-01 16:27,1,987,16.45,27.7,36.9,964,226,Normal
2024-01-01 16:28,1,988,16.47,27.5,36.1,990,221,Normal
2024-01-01 16:29,1,989,16.48,28.4,35.8,984,258,Normal
2024-01-01 16:30,1,990,16.5,27.8,37.1,982,230,Normal
2024-01-01 16:31,1,991,16.52,27.9,36.1,1000,202,Normal
2024-01-01 16:32,1,992,16.53,28.3,38.8,970,251,Normal
2024-01-01 16:33,1,993,16.55,27.8,36.5,1002,196,Normal
2024-01-01 16:34,1,994,16.57,28.0,39.0,993,229,Normal
2024-01-01 16:35,1,995,16.58,26.9,37.8,986,236,Normal
2024-01-01 16:36,1,996,16.6,27.7,39.2,995,201,Normal
2024-01-01 16:37,1,997,16.62,27.6,39.6,990,223,Normal
2024-01-01 16:38,1,998,16.63,27.9,37.1,974,237,Normal
2024-01-01 16:39,1,999,16.65,27.9,38.6,977,185,Normal
2024-01-01 16:40,1,1000,16.67,27.4,37.8,984,198,Normal
2024-01-01 16:41,1,1001,16.68,27.4,38.4,997,215,Normal
2024-01-01 16:42,1,1002,16.7,26.8,37.9,986,180,Normal
2024-01-01 16:43,1,1003,16.72,26.8,39.7,967,214,Normal
2024-01-01 16:44,1,1004,16.73,27.6,39.7,959,179,Normal
2024-01-01 16:45,1,1005,16.75,27.6,36.9,973,185,Normal
2024-01-01 16:46,1,1006,16.77,26.7,38.7,989,218,Normal
2024-01-01 16:47,1,1007,16.78,27.6,37.6,985,213,Normal
2024-01-01 16:48,1,1008,16.8,26.4,40.0,975,161,Normal
2024-01-01 16:49,1,1009,16.82,27.4,38.2,972,205,Normal
2024-01-01 16:50,1,1010,16.83,27.4,38.5,990,161,Normal
2024-01-01 16:51,1,1011,16.85,26.8,37.8,991,188,Normal
2024-01-01 16:52,1,1012,16.87,27.6,36.6,970,169,Normal
2024-01-01 16:53,1,1013,16.88,27.6,37.2,978,164,Normal
2024-01-01 16:54,1,1014,16.9,27.3,37.8,983,196,Normal
2024-01-01 16:55,1,1015,16.92,27.0,38.4,960,165,Normal
2024-01-01 16:56,1,1016,16.93,26.2,36.8,969,148,Normal
2024-01-01 16:57,1,1017,16.95,26.2,37.2,989,177,Normal
2024-01-01 16:58,1,1018,16.97,27.2,39.2,977,181,Normal
2024-01-01 16:59,1,1019,16.98,26.4,37.1,980,157,Normal
2024-01-01 17:00,1,1020,17.0,26.1,37.3,976,126,Normal
2024-01-01 17:01,1,1021,17.02,26.1,37.2,986,132,Normal
2024-01-01 17:02,1,1022,17.03,25.9,38.8,985,129,Normal
2024-01-01 17:03,1,1023,17.05,25.8,37.9,959,150,Normal
2024-01-01 17:04,1,1024,17.07,27.2,39.3,984,155,Normal
2024-01-01 17:05,1,1025,17.08,25.6,39.8,965,172,Normal
2024-01-01 17:06,1,1026,17.1,25.7,38.8,977,165,Normal
2024-01-01 17:07,1,1027,17.12,26.3,37.9,972,145,Normal
2024-01-01 17:08,1,1028,17.13,25.7,39.4,957,143,Normal
2024-01-01 17:09,1,1029,17.15,26.5,38.2,966,161,Normal
2024-01-01 17:10,1,1030,17.17,26.1,39.6,959,123,Normal
2024-01-01 17:11,1,1031,17.18,25.9,37.7,956,130,Normal
2024-01-01 17:12,1,1032,17.2,26.7,39.3,970,146,Normal
2024-01-01 17:13,1,1033,17.22,25.5,37.7,973,149,Normal
2024-01-01 17:14,1,1034,17.23,26.2,37.6,977,121,Normal
2024-01-01 17:15,1,1035,17.25,26.4,37.8,950,144,Normal
2024-01-01 17:16,1,1036,17.27,26.1,40.8,969,117,Normal
2024-01-01 17:17,1,1037,17.28,25.7,41.1,974,108,Normal
2024-01-01 17:18,1,1038,17.3,25.4,40.8,964,101,Normal
2024-01-01 17:19,1,1039,17.32,25.9,40.6,976,82,Normal
2024-01-01 17:20,1,1040,17.33,25.6,38.7,953,132,Normal
2024-01-01 17:21,1,1041,17.35,26.3,38.9,973,97,Normal
2024-01-01 17:22,1,1042,17.37,25.3,37.8,938,105,Normal
2024-01-01 17:23,1,1043,17.38,25.6,40.0,962,107,Normal
2024-01-01 17:24,1,1044,17.4,25.1,41.1,963,86,Normal
2024-01-01 17:25,1,1045,17.42,24.9,39.7,973,77,Normal
2024-01-01 17:26,1,1046,17.43,25.1,40.2,972,81,Normal
2024-01-01 17:27,1,1047,17.45,25.6,42.1,960,104,Normal
2024-01-01 17:28,1,1048,17.47,24.9,40.4,970,83,Normal
2024-01-01 17:29,1,1049,17.48,24.8,40.4,964,66,Normal
2024-01-01 17:30,1,1050,17.5,26.1,40.6,959,95,Normal
2024-01-01 17:31,1,1051,17.52,24.7,41.8,940,92,Normal
2024-01-01 17:32,1,1052,17.53,24.8,41.5,942,49,Normal
2024-01-01 17:33,1,1053,17.55,24.7,40.0,953,91,Normal
2024-01-01 17:34,1,1054,17.57,25.2,41.3,934,47,Normal
2024-01-01 17:35,1,1055,17.58,24.9,41.1,935,87,Normal
2024-01-01 17:36,1,1056,17.6,24.5,42.3,957,37,Normal
2024-01-01 17:37,1,1057,17.62,24.3,39.5,934,68,Normal
2024-01-01 17:38,1,1058,17.63,24.2,40.2,954,66,Normal
2024-01-01 17:39,1,1059,17.65,25.2,39.9,966,27,Normal
2024-01-01 17:40,1,1060,17.67,25.6,42.1,967,53,Normal
2024-01-01 17:41,1,1061,17.68,24.7,39.7,960,37,Normal
2024-01-01 17:42,1,1062,17.7,24.3,42.1,958,50,Normal
2024-01-01 17:43,1,1063,17.72,25.1,41.5,927,37,Normal
2024-01-01 17:44,1,1064,17.73,24.3,39.1,935,16,Normal
2024-01-01 17:45,1,1065,17.75,25.4,42.2,946,51,Normal
2024-01-01 17:46,1,1066,17.77,24.4,41.5,957,6,Normal
2024-01-01 17:47,1,1067,17.78,24.9,39.5,928,39,Normal
2024-01-01 17:48,1,1068,17.8,24.2,42.6,959,23,Normal
2024-01-01 17:49,1,1069,17.82,24.2,42.6,936,36,Normal
2024-01-01 17:50,1,1070,17.83,25.2,41.2,946,32,Normal
2024-01-01 17:51,1,1071,17.85,23.6,40.2,952,0,Normal
2024-01-01 17:52,1,1072,17.87,24.4,41.5,941,50,Normal
2024-01-01 17:53,1,1073,17.88,23.7,41.6,935,44,Normal
2024-01-01 17:54,1,1074,17.9,24.3,42.8,934,29,Normal
2024-01-01 17:55,1,1075,17.92,24.1,41.2,948,32,Normal
2024-01-01 17:56,1,1076,17.93,23.8,41.1,946,23,Normal
2024-01-01 17:57,1,1077,17.95,24.1,42.2,917,7,Normal
2024-01-01 17:58,1,1078,17.97,23.5,40.1,955,25,Normal
2024-01-01 17:59,1,1079,17.98,24.8,42.6,929,23,Normal
2024-01-01 18:00,1,1080,18.0,23.7,43.8,947,4,Normal
2024-01-01 18:01,1,1081,18.02,23.2,43.4,928,4,Normal
2024-01-01 18:02,1,1082,18.03,23.3,42.8,934,1,Normal
2024-01-01 18:03,1,1083,18.05,24.0,40.9,932,5,Normal
2024-01-01 18:04,1,1084,18.07,23.4,42.5,922,10,Normal
2024-01-01 18:05,1,1085,18.08,24.5,41.1,923,3,Normal
2024-01-01 18:06,1,1086,18.1,24.1,43.9,923,3,Normal
2024-01-01 18:07,1,1087,18.12,23.2,41.4,948,5,Normal
2024-01-01 18:08,1,1088,18.13,23.1,40.9,913,10,Normal
2024-01-01 18:09,1,1089,18.15,24.3,42.5,908,8,Normal
2024-01-01 18:10,1,1090,18.17,24.3,44.0,930,9,Normal
2024-01-01 18:11,1,1091,18.18,23.2,44.3,942,4,Normal
2024-01-01 18:12,1,1092,18.2,23.5,44.7,937,4,Normal
2024-01-01 18:13,1,1093,18.22,23.3,43.8,913,0,Normal
2024-01-01 18:14,1,1094,18.23,23.4,42.6,938,0,Normal
2024-01-01 18:15,1,1095,18.25,23.3,42.5,914,7,Normal
2024-01-01 18:16,1,1096,18.27,24.1,43.8,931,5,Normal
2024-01-01 18:17,1,1097,18.28,23.6,41.1,915,6,Normal
2024-01-01 18:18,1,1098,18.3,23.3,42.4,940,4,Normal
2024-01-01 18:19,1,1099,18.32,22.7,42.2,917,7,Normal
2024-01-01 18:20,1,1100,18.33,23.9,42.6,910,7,Normal
2024-01-01 18:21,1,1101,18.35,23.0,43.0,922,5,Normal
2024-01-01 18:22,1,1102,18.37,23.6,42.5,909,9,Normal
2024-01-01 18:23,1,1103,18.38,22.4,43.7,911,1,Normal
2024-01-01 18:24,1,1104,18.4,23.3,44.7,931,6,Normal
2024-01-01 18:25,1,1105,18.42,23.5,42.3,905,7,Normal
2024-01-01 18:26,1,1106,18.43,23.4,42.3,926,2,Normal
2024-01-01 18:27,1,1107,18.45,23.6,45.1,927,8,Normal
2024-01-01 18:28,1,1108,18.47,23.1,44.9,912,4,Normal
2024-01-01 18:29,1,1109,18.48,22.8,44.1,917,1,Normal
2024-01-01 18:30,1,1110,18.5,23.0,42.1,908,7,Normal
2024-01-01 18:31,1,1111,18.52,23.2,42.3,912,4,Normal
2024-01-01 18:32,1,1112,18.53,22.4,44.2,906,5,Normal
2024-01-01 18:33,1,1113,18.55,21.8,42.6,927,3,Normal
2024-01-01 18:34,1,1114,18.57,22.6,44.7,922,2,Normal
2024-01-01 18:35,1,1115,18.58,23.2,43.3,908,10,Normal
2024-01-01 18:36,1,1116,18.6,22.5,45.4,915,1,Normal
2024-01-01 18:37,1,1117,18.62,22.2,43.5,926,2,Normal
2024-01-01 18:38,1,1118,18.63,22.9,45.0,906,6,Normal
2024-01-01 18:39,1,1119,18.65,22.5,44.7,888,1,Normal
2024-01-01 18:40,1,1120,18.67,21.7,43.4,904,10,Normal
2024-01-01 18:41,1,1121,18.68,21.9,43.7,908,4,Normal
2024-01-01 18:42,1,1122,18.7,22.8,45.8,905,9,Normal
2024-01-01 18:43,1,1123,18.72,22.2,44.5,891,2,Normal
2024-01-01 18:44,1,1124,18.73,22.7,43.3,895,10,Normal
2024-01-01 18:45,1,1125,18.75,21.7,45.8,884,3,Normal
2024-01-01 18:46,1,1126,18.77,21.5,43.3,883,7,Normal
2024-01-01 18:47,1,1127,18.78,22.0,43.1,903,8,Normal
2024-01-01 18:48,1,1128,18.8,22.3,43.4,893,9,Normal
2024-01-01 18:49,1,1129,18.82,21.3,45.7,900,4,Normal
2024-01-01 18:50,1,1130,18.83,21.4,46.1,903,10,Normal
2024-01-01 18:51,1,1131,18.85,21.2,45.4,884,0,Normal
2024-01-01 18:52,1,1132,18.87,21.0,44.7,893,7,Normal
2024-01-01 18:53,1,1133,18.88,21.7,46.9,890,8,Normal
2024-01-01 18:54,1,1134,18.9,21.6,47.3,906,2,Normal
2024-01-01 18:55,1,1135,18.92,21.8,45.3,911,9,Normal
2024-01-01 18:56,1,1136,18.93,21.5,46.1,904,4,Normal
2024-01-01 18:57,1,1137,18.95,22.2,45.6,883,1,Normal
2024-01-01 18:58,1,1138,18.97,21.4,45.2,884,2,Normal
2024-01-01 18:59,1,1139,18.98,21.1,43.8,875,5,Normal
2024-01-01 19:00,1,1140,19.0,21.1,46.0,898,7,Normal
2024-01-01 19:01,1,1141,19.02,21.0,47.0,884,9,Normal
2024-01-01 19:02,1,1142,19.03,20.9,44.0,888,3,Normal
2024-01-01 19:03,1,1143,19.05,21.1,46.3,889,3,Normal
2024-01-01 19:04,1,1144,19.07,20.7,47.1,887,6,Normal
2024-01-01 19:05,1,1145,19.08,20.8,44.5,902,3,Normal
2024-01-01 19:06,1,1146,19.1,21.2,47.5,900,10,Normal
2024-01-01 19:07,1,1147,19.12,20.8,46.9,894,4,Normal
2024-01-01 19:08,1,1148,19.13,20.9,47.8,870,2,Normal
2024-01-01 19:09,1,1149,19.15,20.7,47.0,898,7,Normal
2024-01-01 19:10,1,1150,19.17,20.6,47.0,870,5,Normal
2024-01-01 19:11,1,1151,19.18,20.2,44.8,891,0,Normal
2024-01-01 19:12,1,1152,19.2,20.4,45.1,873,2,Normal
2024-01-01 19:13,1,1153,19.22,21.2,47.7,869,1,Normal
2024-01-01 19:14,1,1154,19.23,20.3,46.8,875,6,Normal
2024-01-01 19:15,1,1155,19.25,20.5,48.1,876,7,Normal
2024-01-01 19:16,1,1156,19.27,21.1,45.1,857,2,Normal
2024-01-01 19:17,1,1157,19.28,20.0,48.1,855,8,Normal
2024-01-01 19:18,1,1158,19.3,20.6,45.9,866,6,Normal
2024-01-01 19:19,1,1159,19.32,21.1,45.6,864,6,Normal
2024-01-01 19:20,1,1160,19.33,21.0,47.0,850,3,Normal
2024-01-01 19:21,1,1161,19.35,20.5,48.4,881,10,Normal
2024-01-01 19:22,1,1162,19.37,21.3,47.3,866,5,Normal
2024-01-01 19:23,1,1163,19.38,19.9,48.3,881,8,Normal
2024-01-01 19:24,1,1164,19.4,19.8,47.4,864,3,Normal
2024-01-01 19:25,1,1165,19.42,20.2,45.8,857,1,Normal
2024-01-01 19:26,1,1166,19.43,19.9,47.4,843,2,Normal
2024-01-01 19:27,1,1167,19.45,20.8,48.0,867,3,Normal
2024-01-01 19:28,1,1168,19.47,19.5,45.9,871,9,Normal
2024-01-01 19:29,1,1169,19.48,19.7,48.9,855,2,Normal
2024-01-01 19:30,1,1170,19.5,20.2,48.7,860,10,Normal
2024-01-01 19:31,1,1171,19.52,19.4,47.4,847,8,Normal
2024-01-01 19:32,1,1172,19.53,20.6,46.6,851,5,Normal
2024-01-01 19:33,1,1173,19.55,20.8,49.3,858,7,Normal
2024-01-01 19:34,1,1174,19.57,20.4,46.3,859,5,Normal
2024-01-01 19:35,1,1175,19.58,20.3,47.3,836,7,Normal
2024-01-01 19:36,1,1176,19.6,20.3,48.6,867,7,Normal
2024-01-01 19:37,1,1177,19.62,19.4,47.1,854,5,Normal
2024-01-01 19:38,1,1178,19.63,20.2,47.6,869,8,Normal
2024-01-01 19:39,1,1179,19.65,19.3,48.7,858,4,Normal
2024-01-01 19:40,1,1180,19.67,20.3,48.8,859,0,Normal
2024-01-01 19:41,1,1181,19.68,20.2,48.7,840,0,Normal
2024-01-01 19:42,1,1182,19.7,19.9,48.2,867,3,Normal
2024-01-01 19:43,1,1183,19.72,19.4,47.1,861,6,Normal
2024-01-01 19:44,1,1184,19.73,19.1,49.6,861,2,Normal
2024-01-01 19:45,1,1185,19.75,19.8,48.2,845,1,Normal
2024-01-01 19:46,1,1186,19.77,18.9,49.7,826,2,Normal
2024-01-01 19:47,1,1187,19.78,19.0,47.2,829,7,Normal
2024-01-01 19:48,1,1188,19.8,19.0,47.3,846,10,Normal
2024-01-01 19:49,1,1189,19.82,19.4,49.7,858,4,Normal
2024-01-01 19:50,1,1190,19.83,18.7,48.2,824,0,Normal
2024-01-01 19:51,1,1191,19.85,20.0,48.2,850,1,Normal
2024-01-01 19:52,1,1192,19.87,19.3,50.0,841,8,Normal
2024-01-01 19:53,1,1193,19.88,19.7,51.1,840,0,Normal
2024-01-01 19:54,1,1194,19.9,19.7,48.6,818,1,Normal
2024-01-01 19:55,1,1195,19.92,19.7,48.0,828,8,Normal
2024-01-01 19:56,1,1196,19.93,18.5,50.6,848,6,Normal
2024-01-01 19:57,1,1197,19.95,18.6,49.9,828,9,Normal
2024-01-01 19:58,1,1198,19.97,19.3,48.6,847,6,Normal
2024-01-01 19:59,1,1199,19.98,19.4,51.0,847,5,Normal
2024-01-01 20:00,1,1200,20.0,19.3,50.8,837,1,Normal
2024-01-01 20:01,1,1201,20.02,18.4,48.8,834,8,Normal
2024-01-01 20:02,1,1202,20.03,18.7,48.8,846,7,Normal
2024-01-01 20:03,1,1203,20.05,19.6,51.8,842,5,Normal
2024-01-01 20:04,1,1204,20.07,19.4,49.9,846,6,Normal
2024-01-01 20:05,1,1205,20.08,19.3,49.6,820,9,Normal
2024-01-01 20:06,1,1206,20.1,18.8,49.9,839,4,Normal
2024-01-01 20:07,1,1207,20.12,18.5,50.3,828,0,Normal
2024-01-01 20:08,1,1208,20.13,19.1,52.5,840,0,Normal
2024-01-01 20:09,1,1209,20.15,18.7,52.6,819,0,Normal
2024-01-01 20:10,1,1210,20.17,18.3,49.6,819,0,Normal
2024-01-01 20:11,1,1211,20.18,19.0,52.5,815,8,Normal
2024-01-01 20:12,1,1212,20.2,18.6,51.1,833,2,Normal
2024-01-01 20:13,1,1213,20.22,17.9,50.7,805,2,Normal
2024-01-01 20:14,1,1214,20.23,18.1,52.5,810,3,Normal
2024-01-01 20:15,1,1215,20.25,18.1,50.2,830,6,Normal
2024-01-01 20:16,1,1216,20.27,18.5,50.0,797,5,Normal
2024-01-01 20:17,1,1217,20.28,18.8,49.9,828,1,Normal
2024-01-01 20:18,1,1218,20.3,18.5,50.5,827,6,Normal
2024-01-01 20:19,1,1219,20.32,17.6,49.5,811,5,Normal
2024-01-01 20:20,1,1220,20.33,18.9,51.1,796,3,Normal
2024-01-01 20:21,1,1221,20.35,18.6,52.9,788,10,Normal
2024-01-01 20:22,1,1222,20.37,18.6,51.1,806,8,Normal
2024-01-01 20:23,1,1223,20.38,17.4,51.8,795,5,Normal
2024-01-01 20:24,1,1224,20.4,18.1,50.6,788,10,Normal
2024-01-01 20:25,1,1225,20.42,18.5,51.3,812,9,Normal
2024-01-01 20:26,1,1226,20.43,18.2,50.2,810,4,Normal
2024-01-01 20:27,1,1227,20.45,18.5,50.5,803,1,Normal
2024-01-01 20:28,1,1228,20.47,17.9,52.9,816,6,Normal
2024-01-01 20:29,1,1229,20.48,17.6,51.6,807,2,Normal
2024-01-01 20:30,1,1230,20.5,18.3,52.0,791,7,Normal
2024-01-01 20:31,1,1231,20.52,17.7,52.4,813,9,Normal
2024-01-01 20:32,1,1232,20.53,18.6,52.3,791,1,Normal
2024-01-01 20:33,1,1233,20.55,17.4,52.0,811,1,Normal
2024-01-01 20:34,1,1234,20.57,17.2,52.0,797,5,Normal
2024-01-01 20:35,1,1235,20.58,17.2,51.8,774,4,Normal
2024-01-01 20:36,1,1236,20.6,17.2,51.9,800,9,Normal
2024-01-01 20:37,1,1237,20.62,17.1,50.8,785,3,Normal
2024-01-01 20:38,1,1238,20.63,17.9,51.3,775,1,Normal
2024-01-01 20:39,1,1239,20.65,18.0,51.7,808,2,Normal
2024-01-01 20:40,1,1240,20.67,18.2,54.1,768,5,Normal
2024-01-01 20:41,1,1241,20.68,17.8,51.3,795,7,Normal
2024-01-01 20:42,1,1242,20.7,16.7,51.8,800,3,Normal
2024-01-01 20:43,1,1243,20.72,17.0,53.1,781,8,Normal
2024-01-01 20:44,1,1244,20.73,17.4,54.0,773,10,Normal
2024-01-01 20:45,1,1245,20.75,16.6,53.5,796,0,Normal
2024-01-01 20:46,1,1246,20.77,17.0,51.4,773,9,Normal
2024-01-01 20:47,1,1247,20.78,17.0,53.1,760,1,Normal
2024-01-01 20:48,1,1248,20.8,17.1,52.4,782,1,Normal
2024-01-01 20:49,1,1249,20.82,16.5,54.9,782,3,Normal
2024-01-01 20:50,1,1250,20.83,18.0,53.5,763,5,Normal
2024-01-01 20:51,1,1251,20.85,17.2,53.9,761,2,Normal
2024-01-01 20:52,1,1252,20.87,16.7,55.5,790,0,Normal
2024-01-01 20:53,1,1253,20.88,16.4,55.4,773,5,Normal
2024-01-01 20:54,1,1254,20.9,17.1,54.7,754,5,Normal
2024-01-01 20:55,1,1255,20.92,17.4,53.2,771,3,Normal
2024-01-01 20:56,1,1256,20.93,17.8,55.8,768,0,Normal
2024-01-01 20:57,1,1257,20.95,17.2,55.5,751,8,Normal
2024-01-01 20:58,1,1258,20.97,17.7,52.9,769,6,Normal
2024-01-01 20:59,1,1259,20.98,17.2,52.4,771,8,Normal
2024-01-01 21:00,1,1260,21.0,17.7,54.6,786,10,Normal
2024-01-01 21:01,1,1261,21.02,16.5,53.2,754,6,Normal
2024-01-01 21:02,1,1262,21.03,17.6,55.9,765,7,Normal
2024-01-01 21:03,1,1263,21.05,16.9,53.2,751,9,Normal
2024-01-01 21:04,1,1264,21.07,16.9,55.6,750,4,Normal
2024-01-01 21:05,1,1265,21.08,17.1,56.1,749,6,Normal
2024-01-01 21:06,1,1266,21.1,17.5,56.4,749,10,Normal
2024-01-01 21:07,1,1267,21.12,17.4,56.3,759,1,Normal
2024-01-01 21:08,1,1268,21.13,16.8,56.5,744,2,Normal
2024-01-01 21:09,1,1269,21.15,16.4,56.3,737,5,Normal
2024-01-01 21:10,1,1270,21.17,17.2,54.5,761,4,Normal
2024-01-01 21:11,1,1271,21.18,16.5,56.6,774,4,Normal
2024-01-01 21:12,1,1272,21.2,16.0,53.7,741,2,Normal
2024-01-01 21:13,1,1273,21.22,15.8,57.0,771,4,Normal
2024-01-01 21:14,1,1274,21.23,16.7,55.5,769,3,Normal
2024-01-01 21:15,1,1275,21.25,16.1,53.2,735,7,Normal
2024-01-01 21:16,1,1276,21.27,15.9,56.6,759,10,Normal
2024-01-01 21:17,1,1277,21.28,16.2,56.7,759,7,Normal
2024-01-01 21:18,1,1278,21.3,15.8,54.1,728,6,Normal
2024-01-01 21:19,1,1279,21.32,16.8,53.5,742,6,Normal
2024-01-01 21:20,1,1280,21.33,15.9,56.2,736,3,Normal
2024-01-01 21:21,1,1281,21.35,15.6,57.2,751,9,Normal
2024-01-01 21:22,1,1282,21.37,16.3,54.9,751,3,Normal
2024-01-01 21:23,1,1283,21.38,16.1,56.8,759,6,Normal
2024-01-01 21:24,1,1284,21.4,16.6,55.3,756,9,Normal
2024-01-01 21:25,1,1285,21.42,16.3,56.4,721,8,Normal
2024-01-01 21:26,1,1286,21.43,15.5,55.7,720,3,Normal
2024-01-01 21:27,1,1287,21.45,16.2,55.5,718,8,Normal
2024-01-01 21:28,1,1288,21.47,15.9,57.1,718,3,Normal
2024-01-01 21:29,1,1289,21.48,15.8,55.7,733,4,Normal
2024-01-01 21:30,1,1290,21.5,16.0,55.8,752,0,Normal
2024-01-01 21:31,1,1291,21.52,16.3,57.8,741,10,Normal
2024-01-01 21:32,1,1292,21.53,15.9,57.1,718,2,Normal
2024-01-01 21:33,1,1293,21.55,16.4,58.1,744,2,Normal
2024-01-01 21:34,1,1294,21.57,15.8,55.7,710,2,Normal
2024-01-01 21:35,1,1295,21.58,15.9,58.0,720,7,Normal
2024-01-01 21:36,1,1296,21.6,15.3,55.8,716,1,Normal
2024-01-01 21:37,1,1297,21.62,15.2,57.4,745,5,Normal
2024-01-01 21:38,1,1298,21.63,15.2,57.5,736,9,Normal
2024-01-01 21:39,1,1299,21.65,16.6,56.2,727,0,Normal
2024-01-01 21:40,1,1300,21.67,16.2,58.4,738,10,Normal
2024-01-01 21:41,1,1301,21.68,16.4,55.5,710,2,Normal
2024-01-01 21:42,1,1302,21.7,16.2,55.1,719,4,Normal
2024-01-01 21:43,1,1303,21.72,16.1,58.8,717,10,Normal
2024-01-01 21:44,1,1304,21.73,15.2,58.6,709,0,Normal
2024-01-01 21:45,1,1305,21.75,15.9,56.1,725,7,Normal
2024-01-01 21:46,1,1306,21.77,16.2,57.3,695,9,Normal
2024-01-01 21:47,1,1307,21.78,16.2,56.2,731,10,Normal
2024-01-01 21:48,1,1308,21.8,15.6,56.9,698,9,Normal
2024-01-01 21:49,1,1309,21.82,15.7,56.3,727,4,Normal
2024-01-01 21:50,1,1310,21.83,15.8,57.6,704,0,Normal
2024-01-01 21:51,1,1311,21.85,15.0,55.7,712,0,Normal
2024-01-01 21:52,1,1312,21.87,15.0,55.6,724,9,Normal
2024-01-01 21:53,1,1313,21.88,15.2,59.3,690,1,Normal
2024-01-01 21:54,1,1314,21.9,15.3,56.3,704,9,Normal
2024-01-01 21:55,1,1315,21.92,15.7,58.5,721,8,Normal
2024-01-01 21:56,1,1316,21.93,14.9,57.6,721,5,Normal
2024-01-01 21:57,1,1317,21.95,16.1,56.2,702,5,Normal
2024-01-01 21:58,1,1318,21.97,15.2,57.4,686,6,Normal
2024-01-01 21:59,1,1319,21.98,15.9,56.2,711,2,Normal
2024-01-01 22:00,1,1320,22.0,14.7,59.4,701,8,Normal
2024-01-01 22:01,1,1321,22.02,15.2,56.9,413,1,Normal
2024-01-01 22:02,1,1322,22.03,15.4,60.0,431,7,Warning
2024-01-01 22:03,1,1323,22.05,15.6,58.6,457,6,Normal
2024-01-01 22:04,1,1324,22.07,15.4,57.5,465,5,Normal
2024-01-01 22:05,1,1325,22.08,15.9,58.8,464,7,Normal
2024-01-01 22:06,1,1326,22.1,15.2,57.1,448,3,Normal
2024-01-01 22:07,1,1327,22.12,14.4,56.5,438,3,Normal
2024-01-01 22:08,1,1328,22.13,15.6,60.5,441,5,Warning
2024-01-01 22:09,1,1329,22.15,15.2,59.1,412,4,Normal
2024-01-01 22:10,1,1330,22.17,14.7,56.9,450,5,Normal
2024-01-01 22:11,1,1331,22.18,15.5,57.1,441,9,Normal
2024-01-01 22:12,1,1332,22.2,15.3,56.8,429,5,Normal
2024-01-01 22:13,1,1333,22.22,15.7,58.7,425,10,Normal
2024-01-01 22:14,1,1334,22.23,14.5,57.5,457,5,Normal
2024-01-01 22:15,1,1335,22.25,15.0,60.1,449,8,Warning
2024-01-01 22:16,1,1336,22.27,14.7,59.8,449,0,Normal
2024-01-01 22:17,1,1337,22.28,14.5,59.7,461,1,Normal
2024-01-01 22:18,1,1338,22.3,15.7,58.2,425,10,Normal
2024-01-01 22:19,1,1339,22.32,15.0,57.8,441,9,Normal
2024-01-01 22:20,1,1340,22.33,14.3,60.3,435,0,Warning
2024-01-01 22:21,1,1341,22.35,14.6,57.6,466,7,Normal
2024-01-01 22:22,1,1342,22.37,15.4,58.5,437,1,Normal
2024-01-01 22:23,1,1343,22.38,14.7,57.5,415,7,Normal
2024-01-01 22:24,1,1344,22.4,14.9,60.6,454,3,Warning
2024-01-01 22:25,1,1345,22.42,14.6,59.4,462,5,Normal
2024-01-01 22:26,1,1346,22.43,14.3,61.0,474,10,Warning
2024-01-01 22:27,1,1347,22.45,15.6,58.4,425,8,Normal
2024-01-01 22:28,1,1348,22.47,14.2,58.9,440,1,Normal
2024-01-01 22:29,1,1349,22.48,14.5,61.2,424,0,Warning
2024-01-01 22:30,1,1350,22.5,14.9,59.0,464,3,Normal
2024-01-01 22:31,1,1351,22.52,14.3,58.9,443,10,Normal
2024-01-01 22:32,1,1352,22.53,14.1,58.4,413,9,Normal
2024-01-01 22:33,1,1353,22.55,14.8,58.3,462,5,Normal
2024-01-01 22:34,1,1354,22.57,14.3,61.7,476,3,Warning
2024-01-01 22:35,1,1355,22.58,14.2,59.3,478,7,Normal
2024-01-01 22:36,1,1356,22.6,13.9,58.2,448,1,Normal
2024-01-01 22:37,1,1357,22.62,14.5,58.5,457,9,Normal
2024-01-01 22:38,1,1358,22.63,14.8,60.9,444,4,Warning
2024-01-01 22:39,1,1359,22.65,14.3,59.0,471,1,Normal
2024-01-01 22:40,1,1360,22.67,15.4,61.3,431,1,Warning
2024-01-01 22:41,1,1361,22.68,15.1,62.0,452,4,Warning
2024-01-01 22:42,1,1362,22.7,14.9,61.2,437,3,Warning
2024-01-01 22:43,1,1363,22.72,14.0,62.0,435,6,Warning
2024-01-01 22:44,1,1364,22.73,14.0,62.2,436,7,Warning
2024-01-01 22:45,1,1365,22.75,14.5,58.8,435,7,Normal
2024-01-01 22:46,1,1366,22.77,15.1,59.7,453,2,Normal
2024-01-01 22:47,1,1367,22.78,14.5,60.3,441,5,Warning
2024-01-01 22:48,1,1368,22.8,14.6,59.0,444,6,Normal
2024-01-01 22:49,1,1369,22.82,14.6,59.7,422,7,Normal
2024-01-01 22:50,1,1370,22.83,14.3,60.2,477,6,Warning
2024-01-01 22:51,1,1371,22.85,14.9,60.6,473,3,Warning
2024-01-01 22:52,1,1372,22.87,13.9,61.6,472,7,Warning
2024-01-01 22:53,1,1373,22.88,13.8,61.3,422,7,Warning
2024-01-01 22:54,1,1374,22.9,13.9,62.8,409,10,Warning
2024-01-01 22:55,1,1375,22.92,14.9,62.1,449,10,Warning
2024-01-01 22:56,1,1376,22.93,14.6,59.5,477,10,Normal
2024-01-01 22:57,1,1377,22.95,14.9,62.2,461,8,Warning
2024-01-01 22:58,1,1378,22.97,14.0,61.7,435,10,Warning
2024-01-01 22:59,1,1379,22.98,15.0,60.5,458,6,Warning
2024-01-01 23:00,1,1380,23.0,14.7,63.0,486,0,Warning
2024-01-01 23:01,1,1381,23.02,14.5,61.4,460,0,Warning
2024-01-01 23:02,1,1382,23.03,14.1,61.6,437,5,Warning
2024-01-01 23:03,1,1383,23.05,13.7,60.6,428,9,Warning
2024-01-01 23:04,1,1384,23.07,14.1,60.8,443,6,Warning
2024-01-01 23:05,1,1385,23.08,14.4,62.2,435,8,Warning
2024-01-01 23:06,1,1386,23.1,14.1,63.3,450,4,Warning
2024-01-01 23:07,1,1387,23.12,15.1,62.3,410,10,Warning
2024-01-01 23:08,1,1388,23.13,13.5,62.6,451,2,Warning
2024-01-01 23:09,1,1389,23.15,13.6,62.3,449,9,Warning
2024-01-01 23:10,1,1390,23.17,14.9,62.3,449,8,Warning
2024-01-01 23:11,1,1391,23.18,14.7,61.4,438,9,Warning
2024-01-01 23:12,1,1392,23.2,13.4,61.9,468,4,Warning
2024-01-01 23:13,1,1393,23.22,14.1,62.1,420,9,Warning
2024-01-01 23:14,1,1394,23.23,14.2,61.5,434,2,Warning
2024-01-01 23:15,1,1395,23.25,14.6,62.1,459,7,Warning
2024-01-01 23:16,1,1396,23.27,14.2,62.2,445,7,Warning
2024-01-01 23:17,1,1397,23.28,14.4,62.8,473,8,Warning
2024-01-01 23:18,1,1398,23.3,14.6,61.4,423,8,Warning
2024-01-01 23:19,1,1399,23.32,14.6,62.1,455,9,Warning
2024-01-01 23:20,1,1400,23.33,14.5,61.9,466,4,Warning
2024-01-01 23:21,1,1401,23.35,13.6,63.1,448,9,Warning
2024-01-01 23:22,1,1402,23.37,13.8,62.9,464,0,Warning
2024-01-01 23:23,1,1403,23.38,14.4,61.6,437,4,Warning
2024-01-01 23:24,1,1404,23.4,14.1,60.9,420,4,Warning
2024-01-01 23:25,1,1405,23.42,13.5,61.6,442,1,Warning
2024-01-01 23:26,1,1406,23.43,14.3,64.2,464,5,Warning
2024-01-01 23:27,1,1407,23.45,14.6,61.6,466,2,Warning
2024-01-01 23:28,1,1408,23.47,14.6,64.1,422,2,Warning
2024-01-01 23:29,1,1409,23.48,14.2,63.9,467,6,Warning
2024-01-01 23:30,1,1410,23.5,13.7,62.5,444,9,Warning
2024-01-01 23:31,1,1411,23.52,14.5,62.1,439,0,Warning
2024-01-01 23:32,1,1412,23.53,13.5,62.4,449,3,Warning
2024-01-01 23:33,1,1413,23.55,13.9,63.6,432,8,Warning
2024-01-01 23:34,1,1414,23.57,14.7,60.9,474,6,Warning
2024-01-01 23:35,1,1415,23.58,14.3,64.8,436,1,Warning
2024-01-01 23:36,1,1416,23.6,14.7,63.5,474,9,Warning
2024-01-01 23:37,1,1417,23.62,14.7,64.4,433,1,Warning
2024-01-01 23:38,1,1418,23.63,13.7,63.4,438,10,Warning
2024-01-01 23:39,1,1419,23.65,14.2,61.8,427,5,Warning
2024-01-01 23:40,1,1420,23.67,14.1,63.8,441,6,Warning
2024-01-01 23:41,1,1421,23.68,13.4,61.6,436,4,Warning
2024-01-01 23:42,1,1422,23.7,13.6,61.3,433,9,Warning
2024-01-01 23:43,1,1423,23.72,14.3,64.6,487,1,Warning
2024-01-01 23:44,1,1424,23.73,14.4,61.7,450,6,Warning
2024-01-01 23:45,1,1425,23.75,14.3,64.9,439,1,Warning
2024-01-01 23:46,1,1426,23.77,14.3,62.4,427,10,Warning
2024-01-01 23:47,1,1427,23.78,13.9,65.4,458,4,Warning
2024-01-01 23:48,1,1428,23.8,13.5,61.7,462,6,Warning
2024-01-01 23:49,1,1429,23.82,13.7,61.7,463,2,Warning
2024-01-01 23:50,1,1430,23.83,13.9,63.5,485,6,Warning
2024-01-01 23:51,1,1431,23.85,13.5,63.5,434,3,Warning
2024-01-01 23:52,1,1432,23.87,14.2,62.0,438,1,Warning
2024-01-01 23:53,1,1433,23.88,13.3,61.9,464,0,Warning
2024-01-01 23:54,1,1434,23.9,14.6,62.2,434,10,Warning
2024-01-01 23:55,1,1435,23.92,13.8,62.3,441,9,Warning
2024-01-01 23:56,1,1436,23.93,13.2,64.5,468,6,Warning
2024-01-01 23:57,1,1437,23.95,13.8,64.7,444,8,Warning
2024-01-01 23:58,1,1438,23.97,13.6,63.3,464,1,Warning
2024-01-01 23:59,1,1439,23.98,14.1,65.6,436,6,Warning
2024-01-02 00:00,2,0,0.0,13.3,65.8,455,8,Warning
2024-01-02 00:01,2,1,0.02,14.6,63.3,460,10,Warning
2024-01-02 00:02,2,2,0.03,13.5,64.1,460,4,Warning
2024-01-02 00:03,2,3,0.05,14.3,65.5,453,7,Warning
2024-01-02 00:04,2,4,0.07,13.3,64.5,444,0,Warning
2024-01-02 00:05,2,5,0.08,13.5,64.9,460,6,Warning
2024-01-02 00:06,2,6,0.1,13.3,64.2,449,7,Warning
2024-01-02 00:07,2,7,0.12,14.8,62.2,437,0,Warning
2024-01-02 00:08,2,8,0.13,13.9,63.0,465,7,Warning
2024-01-02 00:09,2,9,0.15,14.7,65.6,463,3,Warning
2024-01-02 00:10,2,10,0.17,14.7,62.3,408,7,Warning
2024-01-02 00:11,2,11,0.18,14.7,64.7,420,0,Warning
2024-01-02 00:12,2,12,0.2,13.5,62.5,421,7,Warning
2024-01-02 00:13,2,13,0.22,14.2,65.6,409,1,Warning
2024-01-02 00:14,2,14,0.23,14.0,65.5,423,6,Warning
2024-01-02 00:15,2,15,0.25,13.8,65.7,461,5,Warning
2024-01-02 00:16,2,16,0.27,13.4,65.1,447,3,Warning
2024-01-02 00:17,2,17,0.28,14.5,64.8,423,4,Warning
2024-01-02 00:18,2,18,0.3,13.5,64.1,469,2,Warning
2024-01-02 00:19,2,19,0.32,13.9,66.2,408,10,Warning
2024-01-02 00:20,2,20,0.33,14.2,65.6,431,1,Warning
2024-01-02 00:21,2,21,0.35,13.3,63.2,441,4,Warning
2024-01-02 00:22,2,22,0.37,13.9,65.8,446,3,Warning
2024-01-02 00:23,2,23,0.38,13.5,63.7,437,2,Warning
2024-01-02 00:24,2,24,0.4,14.2,62.8,440,9,Warning
2024-01-02 00:25,2,25,0.42,14.8,65.2,461,6,Warning
2024-01-02 00:26,2,26,0.43,13.3,63.6,438,1,Warning
2024-01-02 00:27,2,27,0.45,14.3,66.2,481,3,Warning
2024-01-02 00:28,2,28,0.47,14.0,65.2,413,3,Warning
2024-01-02 00:29,2,29,0.48,13.5,63.4,472,7,Warning
2024-01-02 00:30,2,30,0.5,13.6,65.5,425,4,Warning
2024-01-02 00:31,2,31,0.52,13.6,63.8,459,0,Warning
2024-01-02 00:32,2,32,0.53,13.5,63.0,436,0,Warning
2024-01-02 00:33,2,33,0.55,14.1,63.3,472,9,Warning
2024-01-02 00:34,2,34,0.57,14.2,64.6,457,3,Warning
2024-01-02 00:35,2,35,0.58,14.6,64.2,430,3,Warning
2024-01-02 00:36,2,36,0.6,13.9,63.8,454,0,Warning
2024-01-02 00:37,2,37,0.62,14.8,63.5,475,2,Warning
2024-01-02 00:38,2,38,0.63,14.0,63.5,475,5,Warning
2024-01-02 00:39,2,39,0.65,14.9,63.8,442,0,Warning
2024-01-02 00:40,2,40,0.67,13.8,63.5,449,2,Warning
2024-01-02 00:41,2,41,0.68,14.6,63.9,424,10,Warning
2024-01-02 00:42,2,42,0.7,14.9,66.7,463,3,Warning
2024-01-02 00:43,2,43,0.72,13.5,66.5,437,9,Warning
2024-01-02 00:44,2,44,0.73,14.1,65.0,427,3,Warning
2024-01-02 00:45,2,45,0.75,13.8,64.9,448,2,Warning
2024-01-02 00:46,2,46,0.77,14.9,66.8,422,0,Warning
2024-01-02 00:47,2,47,0.78,15.0,66.1,452,8,Warning
2024-01-02 00:48,2,48,0.8,14.0,66.5,440,7,Warning
2024-01-02 00:49,2,49,0.82,14.2,63.6,463,3,Warning
2024-01-02 00:50,2,50,0.83,13.6,64.4,437,0,Warning
2024-01-02 00:51,2,51,0.85,14.2,64.5,471,9,Warning
2024-01-02 00:52,2,52,0.87,13.5,65.1,463,2,Warning
2024-01-02 00:53,2,53,0.88,14.7,64.8,463,0,Warning
2024-01-02 00:54,2,54,0.9,14.9,63.6,465,8,Warning
2024-01-02 00:55,2,55,0.92,13.5,65.1,452,8,Warning
2024-01-02 00:56,2,56,0.93,14.4,64.2,473,5,Warning
2024-01-02 00:57,2,57,0.95,14.7,63.6,470,0,Warning
2024-01-02 00:58,2,58,0.97,13.7,64.9,453,5,Warning
2024-01-02 00:59,2,59,0.98,13.8,65.7,416,2,Warning
2024-01-02 01:00,2,60,1.0,15.1,64.4,435,9,Warning
2024-01-02 01:01,2,61,1.02,14.9,66.3,451,5,Warning
2024-01-02 01:02,2,62,1.03,14.1,64.6,451,0,Warning
2024-01-02 01:03,2,63,1.05,13.7,64.9,457,1,Warning
2024-01-02 01:04,2,64,1.07,14.3,65.7,459,7,Warning
2024-01-02 01:05,2,65,1.08,14.6,66.7,451,3,Warning
2024-01-02 01:06,2,66,1.1,15.0,65.4,415,4,Warning
2024-01-02 01:07,2,67,1.12,15.2,63.9,415,2,Warning
2024-01-02 01:08,2,68,1.13,14.4,67.1,466,0,Warning
2024-01-02 01:09,2,69,1.15,14.1,67.5,435,7,Warning
2024-01-02 01:10,2,70,1.17,14.2,65.4,450,3,Warning
2024-01-02 01:11,2,71,1.18,13.8,67.1,444,10,Warning
2024-01-02 01:12,2,72,1.2,14.2,66.0,452,7,Warning
2024-01-02 01:13,2,73,1.22,14.7,66.5,470,7,Warning
2024-01-02 01:14,2,74,1.23,14.2,64.2,449,4,Warning
2024-01-02 01:15,2,75,1.25,14.1,65.2,417,2,Warning
2024-01-02 01:16,2,76,1.27,14.3,65.5,418,8,Warning
2024-01-02 01:17,2,77,1.28,14.2,67.6,450,2,Warning
2024-01-02 01:18,2,78,1.3,14.2,63.9,423,7,Warning
2024-01-02 01:19,2,79,1.32,14.2,64.5,430,10,Warning
2024-01-02 01:20,2,80,1.33,14.3,65.1,452,2,Warning
2024-01-02 01:21,2,81,1.35,14.7,64.3,432,2,Warning
2024-01-02 01:22,2,82,1.37,15.3,67.5,441,8,Warning
2024-01-02 01:23,2,83,1.38,14.4,66.6,441,9,Warning
2024-01-02 01:24,2,84,1.4,14.9,67.0,464,5,Warning
2024-01-02 01:25,2,85,1.42,15.0,66.7,453,10,Warning
2024-01-02 01:26,2,86,1.43,14.8,65.1,434,7,Warning
2024-01-02 01:27,2,87,1.45,14.5,65.1,442,9,Warning
2024-01-02 01:28,2,88,1.47,14.8,67.0,450,0,Warning
2024-01-02 01:29,2,89,1.48,14.1,67.3,438,8,Warning
2024-01-02 01:30,2,90,1.5,14.6,65.8,462,0,Warning
2024-01-02 01:31,2,91,1.52,15.4,65.3,434,5,Warning
2024-01-02 01:32,2,92,1.53,14.6,63.9,436,7,Warning
2024-01-02 01:33,2,93,1.55,15.4,64.2,464,6,Warning
2024-01-02 01:34,2,94,1.57,15.3,65.1,467,6,Warning
2024-01-02 01:35,2,95,1.58,14.3,66.3,417,4,Warning
2024-01-02 01:36,2,96,1.6,14.8,67.4,453,9,Warning
2024-01-02 01:37,2,97,1.62,15.3,64.3,437,6,Warning
2024-01-02 01:38,2,98,1.63,14.4,65.8,436,3,Warning
2024-01-02 01:39,2,99,1.65,14.4,65.5,429,4,Warning
2024-01-02 01:40,2,100,1.67,15.5,65.2,456,3,Warning
2024-01-02 01:41,2,101,1.68,14.2,64.0,453,10,Warning
2024-01-02 01:42,2,102,1.7,14.9,66.6,470,2,Warning
2024-01-02 01:43,2,103,1.72,15.0,66.7,419,4,Warning
2024-01-02 01:44,2,104,1.73,15.0,67.8,452,9,Warning
2024-01-02 01:45,2,105,1.75,15.0,65.7,442,1,Warning
2024-01-02 01:46,2,106,1.77,14.8,66.9,416,2,Warning
2024-01-02 01:47,2,107,1.78,15.2,64.6,431,5,Warning
2024-01-02 01:48,2,108,1.8,14.6,65.1,442,0,Warning
2024-01-02 01:49,2,109,1.82,14.8,66.1,478,3,Warning
2024-01-02 01:50,2,110,1.83,15.6,64.7,414,8,Warning
2024-01-02 01:51,2,111,1.85,14.9,65.3,461,4,Warning
2024-01-02 01:52,2,112,1.87,15.5,66.7,441,5,Warning
2024-01-02 01:53,2,113,1.88,15.7,64.0,448,7,Warning
2024-01-02 01:54,2,114,1.9,15.1,67.7,421,2,Warning
2024-01-02 01:55,2,115,1.92,15.2,67.3,474,9,Warning
2024-01-02 01:56,2,116,1.93,15.6,67.8,477,1,Warning
2024-01-02 01:57,2,117,1.95,15.1,67.7,413,0,Warning
2024-01-02 01:58,2,118,1.97,15.3,65.2,446,9,Warning
2024-01-02 01:59,2,119,1.98,15.4,67.9,427,0,Warning
2024-01-02 02:00,2,120,2.0,15.7,64.5,415,3,Warning
2024-01-02 02:01,2,121,2.02,15.1,64.8,476,1,Warning
2024-01-02 02:02,2,122,2.03,14.7,67.1,439,3,Warning
2024-01-02 02:03,2,123,2.05,14.8,67.2,428,7,Warning
2024-01-02 02:04,2,124,2.07,14.8,65.0,403,1,Warning
2024-01-02 02:05,2,125,2.08,15.9,67.7,422,2,Warning
2024-01-02 02:06,2,126,2.1,15.7,64.1,424,9,Warning
2024-01-02 02:07,2,127,2.12,15.3,64.6,464,3,Warning
2024-01-02 02:08,2,128,2.13,15.5,64.3,440,8,Warning
2024-01-02 02:09,2,129,2.15,15.1,64.8,448,0,Warning
2024-01-02 02:10,2,130,2.17,16.3,64.4,442,7,Warning
2024-01-02 02:11,2,131,2.18,15.4,66.3,427,2,Warning
2024-01-02 02:12,2,132,2.2,16.1,67.9,453,3,Warning
2024-01-02 02:13,2,133,2.22,15.5,67.0,444,1,Warning
2024-01-02 02:14,2,134,2.23,15.7,66.0,436,8,Warning
2024-01-02 02:15,2,135,2.25,16.0,64.3,448,4,Warning
2024-01-02 02:16,2,136,2.27,15.6,66.9,462,3,Warning
2024-01-02 02:17,2,137,2.28,15.8,65.1,454,1,Warning
2024-01-02 02:18,2,138,2.3,16.4,67.2,469,2,Warning
2024-01-02 02:19,2,139,2.32,15.0,66.6,458,7,Warning
2024-01-02 02:20,2,140,2.33,15.8,66.6,430,6,Warning
2024-01-02 02:21,2,141,2.35,16.1,67.8,447,1,Warning
2024-01-02 02:22,2,142,2.37,15.6,64.7,435,1,Warning
2024-01-02 02:23,2,143,2.38,15.5,65.6,461,9,Warning
2024-01-02 02:24,2,144,2.4,15.5,67.1,457,5,Warning
2024-01-02 02:25,2,145,2.42,15.9,66.3,451,8,Warning
2024-01-02 02:26,2,146,2.43,15.6,67.0,421,7,Warning
2024-01-02 02:27,2,147,2.45,16.0,66.4,412,0,Warning
2024-01-02 02:28,2,148,2.47,16.5,65.9,412,6,Warning
2024-01-02 02:29,2,149,2.48,16.2,65.2,454,1,Warning
2024-01-02 02:30,2,150,2.5,16.5,66.5,456,7,Warning
2024-01-02 02:31,2,151,2.52,15.6,66.5,440,8,Warning
2024-01-02 02:32,2,152,2.53,15.9,67.3,429,6,Warning
2024-01-02 02:33,2,153,2.55,16.8,64.3,446,7,Warning
2024-01-02 02:34,2,154,2.57,16.1,64.0,446,2,Warning
2024-01-02 02:35,2,155,2.58,16.2,64.4,466,1,Warning
2024-01-02 02:36,2,156,2.6,16.3,65.8,461,9,Warning
2024-01-02 02:37,2,157,2.62,16.2,66.0,410,6,Warning
2024-01-02 02:38,2,158,2.63,15.9,66.1,440,4,Warning
2024-01-02 02:39,2,159,2.65,16.0,63.9,425,5,Warning
2024-01-02 02:40,2,160,2.67,16.8,66.1,478,5,Warning
2024-01-02 02:41,2,161,2.68,16.2,65.5,475,5,Warning
2024-01-02 02:42,2,162,2.7,15.7,64.7,430,9,Warning
2024-01-02 02:43,2,163,2.72,15.8,66.5,450,5,Warning
2024-01-02 02:44,2,164,2.73,15.9,65.9,428,9,Warning
2024-01-02 02:45,2,165,2.75,16.5,65.4,431,9,Warning
2024-01-02 02:46,2,166,2.77,15.7,64.9,448,9,Warning
2024-01-02 02:47,2,167,2.78,15.9,65.6,447,5,Warning
2024-01-02 02:48,2,168,2.8,16.6,66.9,443,9,Warning
2024-01-02 02:49,2,169,2.82,16.3,67.5,450,1,Warning
2024-01-02 02:50,2,170,2.83,17.2,65.8,417,4,Warning
2024-01-02 02:51,2,171,2.85,17.5,65.2,416,9,Warning
2024-01-02 02:52,2,172,2.87,16.0,64.9,436,7,Warning
2024-01-02 02:53,2,173,2.88,16.6,65.0,422,8,Warning
2024-01-02 02:54,2,174,2.9,17.2,65.3,438,6,Warning
2024-01-02 02:55,2,175,2.92,16.6,66.0,457,2,Warning
2024-01-02 02:56,2,176,2.93,17.4,66.0,436,9,Warning
2024-01-02 02:57,2,177,2.95,16.8,66.2,470,4,Warning
2024-01-02 02:58,2,178,2.97,17.6,65.6,457,9,Warning
2024-01-02 02:59,2,179,2.98,17.3,63.7,439,2,Warning
2024-01-02 03:00,2,180,3.0,16.5,66.4,465,6,Warning
2024-01-02 03:01,2,181,3.02,16.7,66.8,416,6,Warning
2024-01-02 03:02,2,182,3.03,16.6,64.6,446,3,Warning
2024-01-02 03:03,2,183,3.05,16.9,63.9,424,4,Warning
2024-01-02 03:04,2,184,3.07,17.0,65.6,423,3,Warning
2024-01-02 03:05,2,185,3.08,16.5,63.9,429,10,Warning
2024-01-02 03:06,2,186,3.1,17.2,65.9,433,0,Warning
2024-01-02 03:07,2,187,3.12,16.4,66.9,434,1,Warning
2024-01-02 03:08,2,188,3.13,17.8,64.9,423,6,Warning
2024-01-02 03:09,2,189,3.15,17.9,66.2,414,9,Warning
2024-01-02 03:10,2,190,3.17,17.6,67.0,463,8,Warning
2024-01-02 03:11,2,191,3.18,16.9,66.8,418,5,Warning
2024-01-02 03:12,2,192,3.2,17.0,65.6,434,6,Warning
2024-01-02 03:13,2,193,3.22,16.9,63.6,427,7,Warning
2024-01-02 03:14,2,194,3.23,17.2,66.6,436,5,Warning
2024-01-02 03:15,2,195,3.25,17.7,63.6,457,10,Warning
2024-01-02 03:16,2,196,3.27,17.0,64.2,448,5,Warning
2024-01-02 03:17,2,197,3.28,17.4,64.6,453,0,Warning
2024-01-02 03:18,2,198,3.3,18.1,65.7,462,4,Warning
2024-01-02 03:19,2,199,3.32,17.6,64.3,470,10,Warning
2024-01-02 03:20,2,200,3.33,17.0,66.5,466,0,Warning
2024-01-02 03:21,2,201,3.35,18.3,64.6,464,4,Warning
2024-01-02 03:22,2,202,3.37,17.0,66.3,424,2,Warning
2024-01-02 03:23,2,203,3.38,18.3,65.5,469,0,Warning
2024-01-02 03:24,2,204,3.4,17.3,63.3,469,7,Warning
2024-01-02 03:25,2,205,3.42,18.1,66.6,443,1,Warning
2024-01-02 03:26,2,206,3.43,18.3,65.7,447,6,Warning
2024-01-02 03:27,2,207,3.45,18.0,66.1,465,0,Warning
2024-01-02 03:28,2,208,3.47,18.3,65.4,437,10,Warning
2024-01-02 03:29,2,209,3.48,17.3,64.4,451,9,Warning
2024-01-02 03:30,2,210,3.5,17.2,63.4,433,9,Warning
2024-01-02 03:31,2,211,3.52,18.2,65.9,445,2,Warning
2024-01-02 03:32,2,212,3.53,17.6,65.5,459,3,Warning
2024-01-02 03:33,2,213,3.55,17.4,64.2,443,9,Warning
2024-01-02 03:34,2,214,3.57,17.6,66.5,485,10,Warning
2024-01-02 03:35,2,215,3.58,17.7,63.0,439,2,Warning
2024-01-02 03:36,2,216,3.6,17.4,65.1,439,1,Warning
2024-01-02 03:37,2,217,3.62,18.9,63.3,428,8,Warning
2024-01-02 03:38,2,218,3.63,18.1,66.2,453,1,Warning
2024-01-02 03:39,2,219,3.65,17.8,63.3,464,4,Warning
2024-01-02 03:40,2,220,3.67,18.7,64.0,434,9,Warning
2024-01-02 03:41,2,221,3.68,17.8,65.8,448,6,Warning
2024-01-02 03:42,2,222,3.7,17.8,65.6,417,3,Warning
2024-01-02 03:43,2,223,3.72,18.6,66.0,447,1,Warning
2024-01-02 03:44,2,224,3.73,17.6,62.9,441,10,Warning
2024-01-02 03:45,2,225,3.75,18.0,63.9,459,4,Warning
2024-01-02 03:46,2,226,3.77,17.8,64.5,417,7,Warning
2024-01-02 03:47,2,227,3.78,19.2,66.3,484,0,Warning
2024-01-02 03:48,2,228,3.8,17.8,64.3,444,10,Warning
2024-01-02 03:49,2,229,3.82,18.4,66.1,464,2,Warning
2024-01-02 03:50,2,230,3.83,18.2,64.2,475,2,Warning
2024-01-02 03:51,2,231,3.85,18.0,65.0,437,1,Warning
2024-01-02 03:52,2,232,3.87,18.4,66.0,441,5,Warning
2024-01-02 03:53,2,233,3.88,19.4,63.2,482,4,Warning
2024-01-02 03:54,2,234,3.9,18.8,63.8,439,2,Warning
2024-01-02 03:55,2,235,3.92,18.9,65.7,459,0,Warning
2024-01-02 03:56,2,236,3.93,18.4,62.2,439,4,Warning
2024-01-02 03:57,2,237,3.95,18.3,63.8,436,0,Warning
2024-01-02 03:58,2,238,3.97,18.8,65.9,457,7,Warning
2024-01-02 03:59,2,239,3.98,18.3,64.8,429,1,Warning
2024-01-02 04:00,2,240,4.0,18.5,63.0,473,4,Warning
2024-01-02 04:01,2,241,4.02,19.1,64.5,410,8,Warning
2024-01-02 04:02,2,242,4.03,19.5,62.5,461,7,Warning
2024-01-02 04:03,2,243,4.05,19.4,65.3,408,6,Warning
2024-01-02 04:04,2,244,4.07,18.9,65.4,425,2,Warning
2024-01-02 04:05,2,245,4.08,18.4,63.5,465,7,Warning
2024-01-02 04:06,2,246,4.1,19.4,62.7,453,0,Warning
2024-01-02 04:07,2,247,4.12,19.5,65.4,452,2,Warning
2024-01-02 04:08,2,248,4.13,18.8,61.8,452,0,Warning
2024-01-02 04:09,2,249,4.15,19.7,63.7,435,6,Warning
2024-01-02 04:10,2,250,4.17,19.0,62.5,463,1,Warning
2024-01-02 04:11,2,251,4.18,18.7,62.3,444,4,Warning
2024-01-02 04:12,2,252,4.2,19.7,65.2,426,7,Warning
2024-01-02 04:13,2,253,4.22,20.0,64.3,484,2,Warning
2024-01-02 04:14,2,254,4.23,19.3,61.7,430,7,Warning
2024-01-02 04:15,2,255,4.25,19.5,62.9,451,6,Warning
2024-01-02 04:16,2,256,4.27,19.0,63.0,429,6,Warning
2024-01-02 04:17,2,257,4.28,19.9,61.6,454,10,Warning
2024-01-02 04:18,2,258,4.3,19.3,63.9,438,8,Warning
2024-01-02 04:19,2,259,4.32,19.9,63.2,441,1,Warning
2024-01-02 04:20,2,260,4.33,20.4,63.0,415,10,Warning
2024-01-02 04:21,2,261,4.35,20.5,64.4,444,9,Warning
2024-01-02 04:22,2,262,4.37,19.1,61.3,408,8,Warning
2024-01-02 04:23,2,263,4.38,19.8,61.4,469,4,Warning
2024-01-02 04:24,2,264,4.4,19.7,63.3,439,1,Warning
2024-01-02 04:25,2,265,4.42,20.4,62.8,464,0,Warning
2024-01-02 04:26,2,266,4.43,19.3,64.4,451,7,Warning
2024-01-02 04:27,2,267,4.45,20.5,62.6,461,2,Warning
2024-01-02 04:28,2,268,4.47,19.6,61.1,465,10,Warning
2024-01-02 04:29,2,269,4.48,19.5,62.9,407,0,Warning
2024-01-02 04:30,2,270,4.5,19.6,62.6,472,7,Warning
2024-01-02 04:31,2,271,4.52,19.9,63.9,455,4,Warning
2024-01-02 04:32,2,272,4.53,19.6,61.1,410,3,Warning
2024-01-02 04:33,2,273,4.55,20.9,61.4,447,6,Warning
2024-01-02 04:34,2,274,4.57,20.9,64.0,431,4,Warning
2024-01-02 04:35,2,275,4.58,20.8,61.1,428,2,Warning
2024-01-02 04:36,2,276,4.6,21.1,63.4,453,7,Warning
2024-01-02 04:37,2,277,4.62,19.7,62.2,430,9,Warning
2024-01-02 04:38,2,278,4.63,21.0,61.9,422,10,Warning
2024-01-02 04:39,2,279,4.65,21.1,62.0,451,9,Warning
2024-01-02 04:40,2,280,4.67,20.7,62.5,445,6,Warning
2024-01-02 04:41,2,281,4.68,20.6,62.6,461,3,Warning
2024-01-02 04:42,2,282,4.7,21.0,62.3,441,8,Warning
2024-01-02 04:43,2,283,4.72,20.0,63.7,450,1,Warning
2024-01-02 04:44,2,284,4.73,20.7,63.8,444,0,Warning
2024-01-02 04:45,2,285,4.75,20.2,62.9,451,3,Warning
2024-01-02 04:46,2,286,4.77,20.8,62.3,472,10,Warning
2024-01-02 04:47,2,287,4.78,20.8,63.5,460,6,Warning
2024-01-02 04:48,2,288,4.8,21.4,62.6,466,2,Warning
2024-01-02 04:49,2,289,4.82,21.1,61.0,467,2,Warning
2024-01-02 04:50,2,290,4.83,20.5,60.4,450,7,Warning
2024-01-02 04:51,2,291,4.85,20.7,60.6,403,5,Warning
2024-01-02 04:52,2,292,4.87,21.7,61.1,439,0,Warning
2024-01-02 04:53,2,293,4.88,21.6,61.0,419,1,Warning
2024-01-02 04:54,2,294,4.9,21.3,61.6,471,0,Warning
2024-01-02 04:55,2,295,4.92,21.6,61.8,476,9,Warning
2024-01-02 04:56,2,296,4.93,21.5,62.3,474,7,Warning
2024-01-02 04:57,2,297,4.95,22.0,62.5,487,9,Warning
2024-01-02 04:58,2,298,4.97,21.8,63.2,443,8,Warning
2024-01-02 04:59,2,299,4.98,20.7,61.9,466,2,Warning
2024-01-02 05:00,2,300,5.0,21.8,62.1,469,1,Warning
2024-01-02 05:01,2,301,5.02,20.9,60.7,447,3,Warning
2024-01-02 05:02,2,302,5.03,21.4,60.9,453,7,Warning
2024-01-02 05:03,2,303,5.05,21.3,61.2,427,6,Warning
2024-01-02 05:04,2,304,5.07,21.4,61.8,440,6,Warning
2024-01-02 05:05,2,305,5.08,22.1,59.6,447,7,Normal
2024-01-02 05:06,2,306,5.1,22.4,61.1,435,7,Warning
2024-01-02 05:07,2,307,5.12,21.1,59.0,444,1,Normal
2024-01-02 05:08,2,308,5.13,21.5,60.5,465,0,Warning
2024-01-02 05:09,2,309,5.15,21.6,59.0,455,9,Normal
2024-01-02 05:10,2,310,5.17,21.1,61.3,468,4,Warning
2024-01-02 05:11,2,311,5.18,21.7,62.3,454,5,Warning
2024-01-02 05:12,2,312,5.2,22.6,58.7,446,9,Normal
2024-01-02 05:13,2,313,5.22,22.6,61.5,435,8,Warning
2024-01-02 05:14,2,314,5.23,22.2,61.1,444,10,Warning
2024-01-02 05:15,2,315,5.25,21.9,59.3,417,8,Normal
2024-01-02 05:16,2,316,5.27,21.8,61.4,445,8,Warning
2024-01-02 05:17,2,317,5.28,22.9,59.6,439,4,Normal
2024-01-02 05:18,2,318,5.3,22.2,61.4,409,8,Warning
2024-01-02 05:19,2,319,5.32,22.4,59.3,465,8,Normal
2024-01-02 05:20,2,320,5.33,21.6,58.5,458,8,Normal
2024-01-02 05:21,2,321,5.35,22.1,58.4,439,7,Normal
2024-01-02 05:22,2,322,5.37,22.0,61.1,437,9,Warning
2024-01-02 05:23,2,323,5.38,22.5,61.7,465,9,Warning
2024-01-02 05:24,2,324,5.4,22.0,59.3,469,10,Normal
2024-01-02 05:25,2,325,5.42,21.9,59.5,442,5,Normal
2024-01-02 05:26,2,326,5.43,22.5,58.7,467,1,Normal
2024-01-02 05:27,2,327,5.45,22.0,59.6,425,0,Normal
2024-01-02 05:28,2,328,5.47,22.5,58.4,414,5,Normal
2024-01-02 05:29,2,329,5.48,22.9,59.4,452,4,Normal
2024-01-02 05:30,2,330,5.5,22.8,60.3,480,6,Warning
2024-01-02 05:31,2,331,5.52,23.3,58.3,435,2,Normal
2024-01-02 05:32,2,332,5.53,23.5,59.7,439,7,Normal
2024-01-02 05:33,2,333,5.55,22.8,60.6,470,1,Warning
2024-01-02 05:34,2,334,5.57,23.0,59.2,442,4,Normal
2024-01-02 05:35,2,335,5.58,22.2,58.1,441,4,Normal
2024-01-02 05:36,2,336,5.6,22.6,57.5,444,6,Normal
2024-01-02 05:37,2,337,5.62,22.3,60.9,457,2,Warning
2024-01-02 05:38,2,338,5.63,23.6,59.2,428,1,Normal
2024-01-02 05:39,2,339,5.65,23.7,58.9,464,7,Normal
2024-01-02 05:40,2,340,5.67,23.8,60.3,461,2,Warning
2024-01-02 05:41,2,341,5.68,23.6,59.1,451,10,Normal
2024-01-02 05:42,2,342,5.7,23.1,60.5,455,10,Warning
2024-01-02 05:43,2,343,5.72,23.5,58.6,466,8,Normal
2024-01-02 05:44,2,344,5.73,22.6,59.6,439,10,Normal
2024-01-02 05:45,2,345,5.75,22.7,57.6,441,4,Normal
2024-01-02 05:46,2,346,5.77,23.5,57.3,439,9,Normal
2024-01-02 05:47,2,347,5.78,23.5,59.8,480,3,Normal
2024-01-02 05:48,2,348,5.8,23.9,58.7,434,2,Normal
2024-01-02 05:49,2,349,5.82,24.3,57.8,447,7,Normal
2024-01-02 05:50,2,350,5.83,22.9,58.7,453,0,Normal
2024-01-02 05:51,2,351,5.85,23.6,60.3,427,6,Warning
2024-01-02 05:52,2,352,5.87,22.9,58.6,424,1,Normal
2024-01-02 05:53,2,353,5.88,24.5,58.6,425,4,Normal
2024-01-02 05:54,2,354,5.9,24.2,57.0,457,0,Normal
2024-01-02 05:55,2,355,5.92,24.0,57.6,404,4,Normal
2024-01-02 05:56,2,356,5.93,23.6,57.5,440,4,Normal
2024-01-02 05:57,2,357,5.95,23.7,59.5,418,3,Normal
2024-01-02 05:58,2,358,5.97,24.3,58.5,456,6,Normal
2024-01-02 05:59,2,359,5.98,24.7,57.1,450,6,Normal
2024-01-02 06:00,2,360,6.0,23.3,56.1,432,0,Normal
2024-01-02 06:01,2,361,6.02,24.1,58.3,440,13,Normal
2024-01-02 06:02,2,362,6.03,24.5,57.1,425,29,Normal
2024-01-02 06:03,2,363,6.05,24.3,56.6,471,11,Normal
2024-01-02 06:04,2,364,6.07,25.0,58.9,453,38,Normal
2024-01-02 06:05,2,365,6.08,24.3,55.9,479,1,Normal
2024-01-02 06:06,2,366,6.1,24.5,56.3,433,2,Normal
2024-01-02 06:07,2,367,6.12,24.5,58.9,441,41,Normal
2024-01-02 06:08,2,368,6.13,24.6,57.9,427,0,Normal
2024-01-02 06:09,2,369,6.15,24.8,57.7,440,37,Normal
2024-01-02 06:10,2,370,6.17,23.8,55.9,444,52,Normal
2024-01-02 06:11,2,371,6.18,24.4,57.8,467,54,Normal
2024-01-02 06:12,2,372,6.2,24.8,56.6,441,18,Normal
2024-01-02 06:13,2,373,6.22,24.2,59.1,446,42,Normal
2024-01-02 06:14,2,374,6.23,24.3,58.8,406,44,Normal
2024-01-02 06:15,2,375,6.25,24.6,58.7,459,44,Normal
2024-01-02 06:16,2,376,6.27,25.3,57.8,472,16,Normal
2024-01-02 06:17,2,377,6.28,25.2,57.5,404,71,Normal
2024-01-02 06:18,2,378,6.3,25.3,57.6,455,69,Normal
2024-01-02 06:19,2,379,6.32,24.6,57.2,419,26,Normal
2024-01-02 06:20,2,380,6.33,24.8,58.5,436,69,Normal
2024-01-02 06:21,2,381,6.35,24.1,55.8,468,36,Normal
2024-01-02 06:22,2,382,6.37,24.3,57.1,429,41,Normal
2024-01-02 06:23,2,383,6.38,25.8,58.4,432,87,Normal
2024-01-02 06:24,2,384,6.4,25.4,56.9,440,57,Normal
2024-01-02 06:25,2,385,6.42,24.5,55.6,435,70,Normal
2024-01-02 06:26,2,386,6.43,24.6,57.3,471,73,Normal
2024-01-02 06:27,2,387,6.45,24.7,56.7,445,56,Normal
2024-01-02 06:28,2,388,6.47,25.9,57.7,461,55,Normal
2024-01-02 06:29,2,389,6.48,25.8,54.3,482,84,Normal
2024-01-02 06:30,2,390,6.5,24.9,56.4,449,89,Normal
2024-01-02 06:31,2,391,6.52,25.6,56.7,462,77,Normal
2024-01-02 06:32,2,392,6.53,25.9,55.6,439,82,Normal
2024-01-02 06:33,2,393,6.55,25.4,56.0,416,59,Normal
2024-01-02 06:34,2,394,6.57,25.1,55.5,422,83,Normal
2024-01-02 06:35,2,395,6.58,25.0,54.1,429,108,Normal
2024-01-02 06:36,2,396,6.6,25.1,56.5,462,75,Normal
2024-01-02 06:37,2,397,6.62,25.1,54.9,437,67,Normal
2024-01-02 06:38,2,398,6.63,25.6,56.8,469,128,Normal
2024-01-02 06:39,2,399,6.65,25.4,54.5,420,92,Normal
2024-01-02 06:40,2,400,6.67,26.3,56.8,440,134,Normal
2024-01-02 06:41,2,401,6.68,25.1,55.8,427,116,Normal
2024-01-02 06:42,2,402,6.7,25.7,53.8,450,103,Normal
2024-01-02 06:43,2,403,6.72,25.6,56.7,411,84,Normal
2024-01-02 06:44,2,404,6.73,26.6,55.0,455,111,Normal
2024-01-02 06:45,2,405,6.75,25.3,55.9,445,141,Normal
2024-01-02 06:46,2,406,6.77,25.8,53.5,451,144,Normal
2024-01-02 06:47,2,407,6.78,26.2,55.6,424,121,Normal
2024-01-02 06:48,2,408,6.8,26.6,56.5,451,135,Normal
2024-01-02 06:49,2,409,6.82,26.8,56.0,443,134,Normal
2024-01-02 06:50,2,410,6.83,25.7,53.2,433,136,Normal
2024-01-02 06:51,2,411,6.85,26.7,53.5,468,134,Normal
2024-01-02 06:52,2,412,6.87,25.9,54.4,464,115,Normal
2024-01-02 06:53,2,413,6.88,25.9,55.8,422,144,Normal
2024-01-02 06:54,2,414,6.9,26.2,56.4,456,147,Normal
2024-01-02 06:55,2,415,6.92,27.0,55.6,426,150,Normal
2024-01-02 06:56,2,416,6.93,26.2,53.9,437,157,Normal
2024-01-02 06:57,2,417,6.95,26.7,52.6,460,171,Normal
2024-01-02 06:58,2,418,6.97,25.8,53.7,488,178,Normal
2024-01-02 06:59,2,419,6.98,26.1,52.5,439,166,Normal
2024-01-02 07:00,2,420,7.0,26.9,54.0,471,161,Normal
2024-01-02 07:01,2,421,7.02,27.4,54.5,430,133,Normal
2024-01-02 07:02,2,422,7.03,26.6,55.2,416,188,Normal
2024-01-02 07:03,2,423,7.05,25.9,52.8,450,145,Normal
2024-01-02 07:04,2,424,7.07,26.3,54.8,468,186,Normal
2024-01-02 07:05,2,425,7.08,27.2,52.6,409,160,Normal
2024-01-02 07:06,2,426,7.1,26.1,53.2,436,158,Normal
2024-01-02 07:07,2,427,7.12,26.8,54.2,468,144,Normal
2024-01-02 07:08,2,428,7.13,27.7,52.4,428,201,Normal
2024-01-02 07:09,2,429,7.15,26.6,52.2,457,158,Normal
2024-01-02 07:10,2,430,7.17,26.5,52.2,419,151,Normal
2024-01-02 07:11,2,431,7.18,27.6,51.9,439,173,Normal
2024-01-02 07:12,2,432,7.2,27.8,52.5,435,197,Normal
2024-01-02 07:13,2,433,7.22,26.6,53.4,478,213,Normal
2024-01-02 07:14,2,434,7.23,27.1,54.0,413,210,Normal
2024-01-02 07:15,2,435,7.25,26.7,53.3,454,200,Normal
2024-01-02 07:16,2,436,7.27,27.1,53.6,485,202,Normal
2024-01-02 07:17,2,437,7.28,26.8,53.1,459,182,Normal
2024-01-02 07:18,2,438,7.3,26.6,54.1,475,207,Normal
2024-01-02 07:19,2,439,7.32,28.0,51.7,434,222,Normal
2024-01-02 07:20,2,440,7.33,27.7,51.0,457,198,Normal
2024-01-02 07:21,2,441,7.35,27.5,52.6,439,210,Normal
2024-01-02 07:22,2,442,7.37,27.8,53.5,441,217,Normal
2024-01-02 07:23,2,443,7.38,27.4,54.3,431,195,Normal
2024-01-02 07:24,2,444,7.4,27.1,51.3,468,198,Normal
2024-01-02 07:25,2,445,7.42,27.3,54.0,451,203,Normal
2024-01-02 07:26,2,446,7.43,27.7,50.9,432,222,Normal
2024-01-02 07:27,2,447,7.45,27.5,52.6,462,213,Normal
2024-01-02 07:28,2,448,7.47,27.6,52.1,451,214,Normal
2024-01-02 07:29,2,449,7.48,27.4,50.3,438,238,Normal
2024-01-02 07:30,2,450,7.5,27.1,53.7,446,231,Normal
2024-01-02 07:31,2,451,7.52,27.9,50.3,427,208,Normal
2024-01-02 07:32,2,452,7.53,27.3,51.4,448,216,Normal
2024-01-02 07:33,2,453,7.55,28.2,50.9,454,218,Normal
2024-01-02 07:34,2,454,7.57,28.3,53.8,483,267,Normal
2024-01-02 07:35,2,455,7.58,27.6,52.8,436,261,Normal
2024-01-02 07:36,2,456,7.6,28.9,53.5,441,244,Normal
2024-01-02 07:37,2,457,7.62,28.4,53.6,472,230,Normal
2024-01-02 07:38,2,458,7.63,27.7,52.5,456,255,Normal
2024-01-02 07:39,2,459,7.65,28.6,52.5,465,242,Normal
2024-01-02 07:40,2,460,7.67,28.7,50.6,435,236,Normal
2024-01-02 07:41,2,461,7.68,28.2,52.7,409,261,Normal
2024-01-02 07:42,2,462,7.7,28.9,50.5,467,279,Normal
2024-01-02 07:43,2,463,7.72,28.6,50.6,438,273,Normal
2024-01-02 07:44,2,464,7.73,28.8,52.2,453,253,Normal
2024-01-02 07:45,2,465,7.75,28.6,51.3,409,244,Normal
2024-01-02 07:46,2,466,7.77,29.2,53.0,466,295,Normal
2024-01-02 07:47,2,467,7.78,28.7,52.4,462,300,Normal
2024-01-02 07:48,2,468,7.8,28.4,51.0,415,263,Normal
2024-01-02 07:49,2,469,7.82,28.7,50.6,449,254,Normal
2024-01-02 07:50,2,470,7.83,28.0,50.9,439,278,Normal
2024-01-02 07:51,2,471,7.85,27.9,49.4,469,267,Normal
2024-01-02 07:52,2,472,7.87,28.2,49.7,455,254,Normal
2024-01-02 07:53,2,473,7.88,28.5,48.5,442,278,Normal
2024-01-02 07:54,2,474,7.9,28.2,48.9,456,303,Normal
2024-01-02 07:55,2,475,7.92,28.1,52.2,451,313,Normal
2024-01-02 07:56,2,476,7.93,28.4,50.0,465,270,Normal
2024-01-02 07:57,2,477,7.95,29.1,52.0,461,308,Normal
2024-01-02 07:58,2,478,7.97,29.2,49.2,409,293,Normal
2024-01-02 07:59,2,479,7.98,28.3,49.7,473,288,Normal
2024-01-02 08:00,2,480,8.0,29.7,51.5,709,298,Normal
2024-01-02 08:01,2,481,8.02,29.2,50.9,699,313,Normal
2024-01-02 08:02,2,482,8.03,29.7,49.7,701,299,Normal
2024-01-02 08:03,2,483,8.05,29.3,51.0,694,302,Normal
2024-01-02 08:04,2,484,8.07,28.7,51.3,711,308,Normal
2024-01-02 08:05,2,485,8.08,29.0,50.3,721,287,Normal
2024-01-02 08:06,2,486,8.1,29.1,51.4,701,339,Normal
2024-01-02 08:07,2,487,8.12,29.9,48.6,727,319,Normal
2024-01-02 08:08,2,488,8.13,29.0,51.1,701,345,Normal
2024-01-02 08:09,2,489,8.15,29.3,51.3,725,297,Normal
2024-01-02 08:10,2,490,8.17,30.2,47.6,697,324,Warning
2024-01-02 08:11,2,491,8.18,29.8,48.5,720,304,Normal
2024-01-02 08:12,2,492,8.2,29.1,49.2,722,297,Normal
2024-01-02 08:13,2,493,8.22,28.8,49.9,723,322,Normal
2024-01-02 08:14,2,494,8.23,29.3,48.6,707,326,Normal
2024-01-02 08:15,2,495,8.25,28.8,48.0,704,323,Normal
2024-01-02 08:16,2,496,8.27,29.9,48.7,726,309,Normal
2024-01-02 08:17,2,497,8.28,29.0,49.4,727,315,Normal
2024-01-02 08:18,2,498,8.3,29.6,47.9,710,319,Normal
2024-01-02 08:19,2,499,8.32,30.2,49.1,712,329,Warning
2024-01-02 08:20,2,500,8.33,29.1,49.6,712,318,Normal
2024-01-02 08:21,2,501,8.35,30.0,46.6,720,325,Warning
2024-01-02 08:22,2,502,8.37,29.7,47.2,706,375,Normal
2024-01-02 08:23,2,503,8.38,30.1,47.3,708,373,Warning
2024-01-02 08:24,2,504,8.4,30.1,48.4,712,346,Warning
2024-01-02 08:25,2,505,8.42,30.2,48.0,746,324,Warning
2024-01-02 08:26,2,506,8.43,29.2,47.7,721,385,Normal
2024-01-02 08:27,2,507,8.45,29.6,49.8,722,333,Normal
2024-01-02 08:28,2,508,8.47,29.2,46.2,711,352,Normal
2024-01-02 08:29,2,509,8.48,30.6,48.7,716,347,Warning
2024-01-02 08:30,2,510,8.5,30.8,46.3,723,381,Warning
2024-01-02 08:31,2,511,8.52,29.6,47.5,720,389,Normal
2024-01-02 08:32,2,512,8.53,29.9,48.0,727,378,Normal
2024-01-02 08:33,2,513,8.55,29.7,47.9,743,348,Normal
2024-01-02 08:34,2,514,8.57,29.8,46.1,738,354,Normal
2024-01-02 08:35,2,515,8.58,29.5,48.2,719,369,Normal
2024-01-02 08:36,2,516,8.6,29.8,46.4,737,388,Normal
2024-01-02 08:37,2,517,8.62,30.5,45.6,734,375,Warning
2024-01-02 08:38,2,518,8.63,30.0,47.8,728,396,Warning
2024-01-02 08:39,2,519,8.65,30.5,49.3,759,363,Warning
2024-01-02 08:40,2,520,8.67,30.0,45.6,744,395,Warning
2024-01-02 08:41,2,521,8.68,30.8,47.9,733,378,Warning
2024-01-02 08:42,2,522,8.7,30.0,48.1,746,413,Warning
2024-01-02 08:43,2,523,8.72,30.8,45.3,729,399,Warning
2024-01-02 08:44,2,524,8.73,31.2,46.7,761,403,Warning
2024-01-02 08:45,2,525,8.75,31.0,46.9,730,379,Warning
2024-01-02 08:46,2,526,8.77,29.9,47.8,738,386,Normal
2024-01-02 08:47,2,527,8.78,30.2,46.5,747,408,Warning
2024-01-02 08:48,2,528,8.8,30.0,45.2,764,389,Warning
2024-01-02 08:49,2,529,8.82,30.2,46.1,736,388,Warning
2024-01-02 08:50,2,530,8.83,31.4,46.9,763,422,Warning
2024-01-02 08:51,2,531,8.85,31.4,45.0,756,418,Warning
2024-01-02 08:52,2,532,8.87,31.3,44.6,763,420,Warning
2024-01-02 08:53,2,533,8.88,31.4,47.3,753,435,Warning
2024-01-02 08:54,2,534,8.9,31.3,45.6,753,417,Warning
2024-01-02 08:55,2,535,8.92,30.2,47.9,756,435,Warning
2024-01-02 08:56,2,536,8.93,31.2,47.0,780,441,Warning
2024-01-02 08:57,2,537,8.95,30.8,45.3,771,428,Warning
2024-01-02 08:58,2,538,8.97,30.2,47.5,748,402,Warning
2024-01-02 08:59,2,539,8.98,30.3,47.9,758,400,Warning
2024-01-02 09:00,2,540,9.0,30.4,46.2,759,409,Warning
2024-01-02 09:01,2,541,9.02,31.1,45.5,776,415,Warning
2024-01-02 09:02,2,542,9.03,30.6,44.5,775,408,Warning
2024-01-02 09:03,2,543,9.05,31.3,44.9,786,427,Warning
2024-01-02 09:04,2,544,9.07,31.9,44.4,781,406,Warning
2024-01-02 09:05,2,545,9.08,31.9,45.0,776,413,Warning
2024-01-02 09:06,2,546,9.1,31.2,45.1,792,452,Warning
2024-01-02 09:07,2,547,9.12,31.2,44.0,784,408,Warning
2024-01-02 09:08,2,548,9.13,31.7,45.0,760,456,Warning
2024-01-02 09:09,2,549,9.15,32.0,44.5,790,419,Warning
2024-01-02 09:10,2,550,9.17,31.5,43.9,781,441,Warning
2024-01-02 09:11,2,551,9.18,31.1,44.3,793,452,Warning
2024-01-02 09:12,2,552,9.2,31.4,44.4,789,427,Warning
2024-01-02 09:13,2,553,9.22,30.9,43.7,760,472,Warning
2024-01-02 09:14,2,554,9.23,31.5,45.8,792,444,Warning
2024-01-02 09:15,2,555,9.25,32.2,46.6,786,445,Warning
2024-01-02 09:16,2,556,9.27,31.5,45.4,801,426,Warning
2024-01-02 09:17,2,557,9.28,31.4,42.9,772,448,Warning
2024-01-02 09:18,2,558,9.3,32.3,43.3,793,442,Warning
2024-01-02 09:19,2,559,9.32,32.1,45.6,789,459,Warning
2024-01-02 09:20,2,560,9.33,32.0,45.1,791,473,Warning
2024-01-02 09:21,2,561,9.35,31.0,44.0,796,478,Warning
2024-01-02 09:22,2,562,9.37,31.3,44.3,793,472,Warning
2024-01-02 09:23,2,563,9.38,32.1,42.4,780,450,Warning
2024-01-02 09:24,2,564,9.4,31.9,46.0,781,452,Warning
2024-01-02 09:25,2,565,9.42,31.4,44.5,783,437,Warning
2024-01-02 09:26,2,566,9.43,31.2,42.5,798,464,Warning
2024-01-02 09:27,2,567,9.45,32.2,46.0,780,474,Warning
2024-01-02 09:28,2,568,9.47,32.5,45.5,786,495,Warning
2024-01-02 09:29,2,569,9.48,31.8,44.7,810,478,Warning
2024-01-02 09:30,2,570,9.5,32.2,43.4,798,492,Warning
2024-01-02 09:31,2,571,9.52,31.8,45.3,785,453,Warning
2024-01-02 09:32,2,572,9.53,32.2,44.9,803,501,Warning
2024-01-02 09:33,2,573,9.55,31.4,44.7,807,494,Warning
2024-01-02 09:34,2,574,9.57,31.7,45.6,814,452,Warning
2024-01-02 09:35,2,575,9.58,31.4,44.7,810,486,Warning
2024-01-02 09:36,2,576,9.6,32.0,42.6,812,465,Warning
2024-01-02 09:37,2,577,9.62,31.6,42.2,794,468,Warning
2024-01-02 09:38,2,578,9.63,32.1,43.4,794,486,Warning
2024-01-02 09:39,2,579,9.65,32.3,42.2,800,462,Warning
2024-01-02 09:40,2,580,9.67,32.6,44.5,801,477,Warning
2024-01-02 09:41,2,581,9.68,33.0,44.7,818,502,Warning
2024-01-02 09:42,2,582,9.7,32.9,41.5,831,474,Warning
2024-01-02 09:43,2,583,9.72,31.6,41.4,799,482,Warning
2024-01-02 09:44,2,584,9.73,31.6,41.1,808,497,Warning
2024-01-02 09:45,2,585,9.75,32.3,44.0,794,471,Warning
2024-01-02 09:46,2,586,9.77,32.0,44.7,832,520,Warning
2024-01-02 09:47,2,587,9.78,33.1,41.2,829,521,Warning
2024-01-02 09:48,2,588,9.8,31.6,43.1,814,532,Warning
2024-01-02 09:49,2,589,9.82,32.4,43.7,836,501,Warning
2024-01-02 09:50,2,590,9.83,32.2,43.3,820,496,Warning
2024-01-02 09:51,2,591,9.85,33.0,44.3,825,501,Warning
2024-01-02 09:52,2,592,9.87,32.7,44.4,823,529,Warning
2024-01-02 09:53,2,593,9.88,31.9,42.3,828,526,Warning
2024-01-02 09:54,2,594,9.9,33.1,44.1,805,519,Warning
2024-01-02 09:55,2,595,9.92,31.9,42.4,820,505,Warning
2024-01-02 09:56,2,596,9.93,32.5,43.0,836,516,Warning
2024-01-02 09:57,2,597,9.95,32.5,40.9,847,545,Warning
2024-01-02 09:58,2,598,9.97,33.1,40.2,831,541,Warning
2024-01-02 09:59,2,599,9.98,31.9,43.3,829,531,Warning
2024-01-02 10:00,2,600,10.0,32.6,42.4,835,536,Warning
2024-01-02 10:01,2,601,10.02,32.9,40.3,838,550,Warning
2024-01-02 10:02,2,602,10.03,33.4,43.6,818,538,Warning
2024-01-02 10:03,2,603,10.05,32.5,42.2,822,548,Warning
2024-01-02 10:04,2,604,10.07,32.8,42.0,846,496,Warning
2024-01-02 10:05,2,605,10.08,32.2,42.9,834,549,Warning
2024-01-02 10:06,2,606,10.1,33.1,41.8,845,507,Warning
2024-01-02 10:07,2,607,10.12,33.4,43.4,847,540,Warning
2024-01-02 10:08,2,608,10.13,32.9,40.5,828,547,Warning
2024-01-02 10:09,2,609,10.15,33.6,42.3,825,527,Warning
2024-01-02 10:10,2,610,10.17,33.7,39.5,840,559,Warning
2024-01-02 10:11,2,611,10.18,32.7,40.5,837,545,Warning
2024-01-02 10:12,2,612,10.2,32.9,42.9,829,546,Warning
2024-01-02 10:13,2,613,10.22,32.3,41.4,854,510,Warning
2024-01-02 10:14,2,614,10.23,33.4,40.5,838,565,Warning
2024-01-02 10:15,2,615,10.25,33.1,42.8,829,549,Warning
2024-01-02 10:16,2,616,10.27,32.7,42.7,850,550,Warning
2024-01-02 10:17,2,617,10.28,33.2,41.2,854,561,Warning
2024-01-02 10:18,2,618,10.3,32.6,40.0,846,516,Warning
2024-01-02 10:19,2,619,10.32,32.4,40.2,866,571,Warning
2024-01-02 10:20,2,620,10.33,32.6,42.6,866,536,Warning
2024-01-02 10:21,2,621,10.35,32.5,40.0,854,550,Warning
2024-01-02 10:22,2,622,10.37,33.5,40.0,868,549,Warning
2024-01-02 10:23,2,623,10.38,32.6,40.2,859,537,Warning
2024-01-02 10:24,2,624,10.4,33.6,41.8,841,551,Warning
2024-01-02 10:25,2,625,10.42,33.4,40.9,840,544,Warning
2024-01-02 10:26,2,626,10.43,32.4,41.9,855,529,Warning
2024-01-02 10:27,2,627,10.45,33.7,39.6,850,552,Warning
2024-01-02 10:28,2,628,10.47,33.5,39.0,855,531,Warning
2024-01-02 10:29,2,629,10.48,33.6,41.7,840,561,Warning
2024-01-02 10:30,2,630,10.5,33.0,40.3,846,541,Warning
2024-01-02 10:31,2,631,10.52,34.1,41.0,870,565,Warning
2024-01-02 10:32,2,632,10.53,33.8,40.1,865,529,Warning
2024-01-02 10:33,2,633,10.55,34.1,39.4,855,581,Warning
2024-01-02 10:34,2,634,10.57,33.7,41.3,846,587,Warning
2024-01-02 10:35,2,635,10.58,33.9,38.7,875,575,Warning
2024-01-02 10:36,2,636,10.6,33.2,41.9,855,531,Warning
2024-01-02 10:37,2,637,10.62,33.4,39.2,876,553,Warning
2024-01-02 10:38,2,638,10.63,33.8,39.4,880,578,Warning
2024-01-02 10:39,2,639,10.65,33.0,40.6,860,576,Warning
2024-01-02 10:40,2,640,10.67,34.0,39.3,856,553,Warning
2024-01-02 10:41,2,641,10.68,33.8,40.0,852,588,Warning
2024-01-02 10:42,2,642,10.7,34.1,38.8,860,571,Warning
2024-01-02 10:43,2,643,10.72,32.9,40.3,869,593,Warning
2024-01-02 10:44,2,644,10.73,32.9,38.4,864,584,Warning
2024-01-02 10:45,2,645,10.75,33.7,38.9,889,544,Warning
2024-01-02 10:46,2,646,10.77,33.8,41.4,863,562,Warning
2024-01-02 10:47,2,647,10.78,34.2,39.1,865,598,Warning
2024-01-02 10:48,2,648,10.8,32.8,38.7,886,551,Warning
2024-01-02 10:49,2,649,10.82,34.2,37.7,889,582,Warning
2024-01-02 10:50,2,650,10.83,33.3,38.9,867,582,Warning
2024-01-02 10:51,2,651,10.85,33.9,38.1,866,558,Warning
2024-01-02 10:52,2,652,10.87,33.4,38.3,897,554,Warning
2024-01-02 10:53,2,653,10.88,33.8,38.5,865,593,Warning
2024-01-02 10:54,2,654,10.9,33.5,40.3,885,562,Warning
2024-01-02 10:55,2,655,10.92,33.8,38.7,862,553,Warning
2024-01-02 10:56,2,656,10.93,33.0,37.4,895,560,Warning
2024-01-02 10:57,2,657,10.95,32.9,39.1,900,577,Warning
2024-01-02 10:58,2,658,10.97,33.3,39.8,902,559,Warning
2024-01-02 10:59,2,659,10.98,33.5,40.7,893,567,Warning
2024-01-02 11:00,2,660,11.0,33.8,37.1,871,594,Warning
2024-01-02 11:01,2,661,11.02,34.3,39.8,878,575,Warning
2024-01-02 11:02,2,662,11.03,34.2,36.7,903,602,Warning
2024-01-02 11:03,2,663,11.05,33.8,39.8,900,555,Warning
2024-01-02 11:04,2,664,11.07,33.7,38.8,877,600,Warning
2024-01-02 11:05,2,665,11.08,34.1,40.3,878,563,Warning
2024-01-02 11:06,2,666,11.1,34.3,39.2,872,588,Warning
2024-01-02 11:07,2,667,11.12,33.6,37.6,875,562,Warning
2024-01-02 11:08,2,668,11.13,33.9,38.9,878,589,Warning
2024-01-02 11:09,2,669,11.15,33.4,39.3,879,562,Warning
2024-01-02 11:10,2,670,11.17,33.8,37.7,909,565,Warning
2024-01-02 11:11,2,671,11.18,33.6,39.9,876,571,Warning
2024-01-02 11:12,2,672,11.2,33.5,39.9,910,613,Warning
2024-01-02 11:13,2,673,11.22,34.2,38.7,906,565,Warning
2024-01-02 11:14,2,674,11.23,33.9,38.8,912,615,Warning
2024-01-02 11:15,2,675,11.25,34.6,37.4,913,590,Warning
2024-01-02 11:16,2,676,11.27,33.4,36.3,882,573,Warning
2024-01-02 11:17,2,677,11.28,33.1,36.4,894,567,Warning
2024-01-02 11:18,2,678,11.3,34.0,36.7,904,576,Warning
2024-01-02 11:19,2,679,11.32,33.2,38.3,887,595,Warning
2024-01-02 11:20,2,680,11.33,33.5,37.3,894,585,Warning
2024-01-02 11:21,2,681,11.35,33.8,39.5,911,621,Warning
2024-01-02 11:22,2,682,11.37,34.2,37.8,889,601,Warning
2024-01-02 11:23,2,683,11.38,34.2,39.6,898,607,Warning
2024-01-02 11:24,2,684,11.4,33.7,38.2,919,600,Warning
2024-01-02 11:25,2,685,11.42,33.3,38.8,908,613,Warning
2024-01-02 11:26,2,686,11.43,33.8,35.6,926,578,Warning
2024-01-02 11:27,2,687,11.45,33.2,35.9,896,606,Warning
2024-01-02 11:28,2,688,11.47,34.0,35.7,930,569,Warning
2024-01-02 11:29,2,689,11.48,33.7,36.7,908,573,Warning
2024-01-02 11:30,2,690,11.5,34.5,36.2,892,570,Warning
2024-01-02 11:31,2,691,11.52,33.7,39.1,916,625,Warning
2024-01-02 11:32,2,692,11.53,33.3,38.9,904,598,Warning
2024-01-02 11:33,2,693,11.55,34.3,36.4,925,571,Warning
2024-01-02 11:34,2,694,11.57,34.0,37.9,913,601,Warning
2024-01-02 11:35,2,695,11.58,33.6,35.5,899,576,Warning
2024-01-02 11:36,2,696,11.6,33.7,38.1,907,588,Warning
2024-01-02 11:37,2,697,11.62,34.4,37.7,931,601,Warning
2024-01-02 11:38,2,698,11.63,34.1,38.4,928,604,Warning
2024-01-02 11:39,2,699,11.65,33.4,35.0,931,612,Warning
2024-01-02 11:40,2,700,11.67,33.4,35.4,923,603,Warning
2024-01-02 11:41,2,701,11.68,34.3,35.1,940,590,Warning
2024-01-02 11:42,2,702,11.7,34.3,35.8,939,594,Warning
2024-01-02 11:43,2,703,11.72,34.3,35.5,924,619,Warning
2024-01-02 11:44,2,704,11.73,33.9,35.9,929,601,Warning
2024-01-02 11:45,2,705,11.75,34.7,38.2,917,587,Warning
2024-01-02 11:46,2,706,11.77,34.2,35.0,923,594,Warning
2024-01-02 11:47,2,707,11.78,34.4,38.0,945,574,Warning
2024-01-02 11:48,2,708,11.8,33.3,35.5,910,579,Warning
2024-01-02 11:49,2,709,11.82,34.1,34.9,924,604,Warning
2024-01-02 11:50,2,710,11.83,34.7,37.7,907,629,Warning
2024-01-02 11:51,2,711,11.85,33.9,36.5,916,599,Warning
2024-01-02 11:52,2,712,11.87,34.0,37.2,942,613,Warning
2024-01-02 11:53,2,713,11.88,33.4,34.4,921,627,Warning
2024-01-02 11:54,2,714,11.9,34.5,34.4,937,613,Warning
2024-01-02 11:55,2,715,11.92,34.1,35.7,944,612,Warning
2024-01-02 11:56,2,716,11.93,34.2,36.7,921,612,Warning
2024-01-02 11:57,2,717,11.95,34.7,37.3,926,580,Warning
2024-01-02 11:58,2,718,11.97,33.3,37.6,945,591,Warning
2024-01-02 11:59,2,719,11.98,34.7,35.9,937,579,Warning
2024-01-02 12:00,2,720,12.0,33.8,34.6,929,623,Warning
2024-01-02 12:01,2,721,12.02,34.1,37.2,922,587,Warning
2024-01-02 12:02,2,722,12.03,33.7,35.2,928,569,Warning
2024-01-02 12:03,2,723,12.05,34.4,36.3,929,628,Warning
2024-01-02 12:04,2,724,12.07,33.7,37.7,949,621,Warning
2024-01-02 12:05,2,725,12.08,34.6,37.7,957,623,Warning
2024-01-02 12:06,2,726,12.1,34.0,35.4,957,598,Warning
2024-01-02 12:07,2,727,12.12,33.7,35.3,919,591,Warning
2024-01-02 12:08,2,728,12.13,34.6,34.6,942,569,Warning
2024-01-02 12:09,2,729,12.15,33.4,35.8,925,602,Warning
2024-01-02 12:10,2,730,12.17,34.0,34.4,928,627,Warning
2024-01-02 12:11,2,731,12.18,34.0,34.4,938,583,Warning
2024-01-02 12:12,2,732,12.2,33.9,35.2,945,596,Warning
2024-01-02 12:13,2,733,12.22,34.6,35.9,940,575,Warning
2024-01-02 12:14,2,734,12.23,34.8,36.3,952,578,Warning
2024-01-02 12:15,2,735,12.25,33.4,36.6,924,590,Warning
2024-01-02 12:16,2,736,12.27,34.6,36.5,932,580,Warning
2024-01-02 12:17,2,737,12.28,33.6,34.1,951,615,Warning
2024-01-02 12:18,2,738,12.3,33.7,33.7,938,628,Warning
2024-01-02 12:19,2,739,12.32,33.9,36.2,944,574,Warning
2024-01-02 12:20,2,740,12.33,33.8,35.7,935,587,Warning
2024-01-02 12:21,2,741,12.35,34.4,36.6,953,599,Warning
2024-01-02 12:22,2,742,12.37,34.3,36.4,953,575,Warning
2024-01-02 12:23,2,743,12.38,33.3,33.8,930,574,Warning
2024-01-02 12:24,2,744,12.4,33.4,35.4,945,569,Warning
2024-01-02 12:25,2,745,12.42,34.2,34.7,968,613,Warning
2024-01-02 12:26,2,746,12.43,33.1,35.2,949,597,Warning
2024-01-02 12:27,2,747,12.45,33.3,35.0,971,574,Warning
2024-01-02 12:28,2,748,12.47,34.3,34.0,949,614,Warning
2024-01-02 12:29,2,749,12.48,33.3,34.3,948,607,Warning
2024-01-02 12:30,2,750,12.5,34.4,34.0,940,608,Warning
2024-01-02 12:31,2,751,12.52,34.3,35.6,946,618,Warning
2024-01-02 12:32,2,752,12.53,34.0,35.7,949,571,Warning
2024-01-02 12:33,2,753,12.55,33.3,33.3,947,622,Warning
2024-01-02 12:34,2,754,12.57,33.3,33.2,948,568,Warning
2024-01-02 12:35,2,755,12.58,34.5,34.6,969,582,Warning
2024-01-02 12:36,2,756,12.6,34.2,37.0,951,583,Warning
2024-01-02 12:37,2,757,12.62,33.8,33.3,965,603,Warning
2024-01-02 12:38,2,758,12.63,33.1,33.5,961,578,Warning
2024-01-02 12:39,2,759,12.65,34.6,35.8,954,581,Warning
2024-01-02 12:40,2,760,12.67,34.5,33.7,939,563,Warning
2024-01-02 12:41,2,761,12.68,34.1,34.2,958,590,Warning
2024-01-02 12:42,2,762,12.7,33.5,35.3,967,570,Warning
2024-01-02 12:43,2,763,12.72,33.4,34.9,962,578,Warning
2024-01-02 12:44,2,764,12.73,33.2,35.5,977,607,Warning
2024-01-02 12:45,2,765,12.75,34.4,34.2,965,605,Warning
2024-01-02 12:46,2,766,12.77,34.2,34.9,966,572,Warning
2024-01-02 12:47,2,767,12.78,34.0,33.6,967,562,Warning
2024-01-02 12:48,2,768,12.8,34.4,33.3,982,563,Warning
2024-01-02 12:49,2,769,12.82,33.0,36.6,956,568,Warning
2024-01-02 12:50,2,770,12.83,34.1,36.4,949,615,Warning
2024-01-02 12:51,2,771,12.85,33.8,34.1,975,603,Warning
2024-01-02 12:52,2,772,12.87,33.3,35.6,948,562,Warning
2024-01-02 12:53,2,773,12.88,33.2,34.9,962,611,Warning
2024-01-02 12:54,2,774,12.9,34.3,36.1,982,575,Warning
2024-01-02 12:55,2,775,12.92,34.3,34.4,954,610,Warning
2024-01-02 12:56,2,776,12.93,33.6,34.6,981,611,Warning
2024-01-02 12:57,2,777,12.95,34.4,35.8,958,589,Warning
2024-01-02 12:58,2,778,12.97,33.3,36.5,967,552,Warning
2024-01-02 12:59,2,779,12.98,34.4,32.8,961,597,Warning
2024-01-02 13:00,2,780,13.0,34.2,34.5,984,604,Warning
2024-01-02 13:01,2,781,13.02,33.7,32.8,978,596,Warning
2024-01-02 13:02,2,782,13.03,33.7,34.8,975,573,Warning
2024-01-02 13:03,2,783,13.05,33.8,33.3,951,557,Warning
2024-01-02 13:04,2,784,13.07,33.7,34.8,952,602,Warning
2024-01-02 13:05,2,785,13.08,34.3,34.5,984,591,Warning
2024-01-02 13:06,2,786,13.1,33.9,33.5,967,563,Warning
2024-01-02 13:07,2,787,13.12,33.9,34.6,963,558,Warning
2024-01-02 13:08,2,788,13.13,32.8,33.4,956,583,Warning
2024-01-02 13:09,2,789,13.15,33.0,35.9,962,560,Warning
2024-01-02 13:10,2,790,13.17,34.1,32.6,969,594,Warning
2024-01-02 13:11,2,791,13.18,33.1,32.8,977,581,Warning
2024-01-02 13:12,2,792,13.2,33.7,33.8,960,600,Warning
2024-01-02 13:13,2,793,13.22,33.8,34.5,964,565,Warning
2024-01-02 13:14,2,794,13.23,34.1,33.5,959,578,Warning
2024-01-02 13:15,2,795,13.25,34.0,35.6,971,584,Warning
2024-01-02 13:16,2,796,13.27,34.2,33.0,958,571,Warning
2024-01-02 13:17,2,797,13.28,33.7,35.8,995,542,Warning
2024-01-02 13:18,2,798,13.3,33.8,35.0,974,590,Warning
2024-01-02 13:19,2,799,13.32,33.6,34.7,971,586,Warning
2024-01-02 13:20,2,800,13.33,33.3,33.5,972,570,Warning
2024-01-02 13:21,2,801,13.35,33.6,35.7,984,541,Warning
2024-01-02 13:22,2,802,13.37,33.3,35.1,987,555,Warning
2024-01-02 13:23,2,803,13.38,32.8,34.1,991,542,Warning
2024-01-02 13:24,2,804,13.4,33.3,35.5,971,542,Warning
2024-01-02 13:25,2,805,13.42,33.4,36.0,972,570,Warning
2024-01-02 13:26,2,806,13.43,33.0,33.4,972,580,Warning
2024-01-02 13:27,2,807,13.45,33.1,34.6,966,536,Warning
2024-01-02 13:28,2,808,13.47,32.6,33.1,987,532,Warning
2024-01-02 13:29,2,809,13.48,33.6,32.7,962,563,Warning
2024-01-02 13:30,2,810,13.5,32.6,33.7,970,576,Warning
2024-01-02 13:31,2,811,13.52,32.4,35.4,965,531,Warning
2024-01-02 13:32,2,812,13.53,32.8,32.5,972,582,Warning
2024-01-02 13:33,2,813,13.55,33.4,32.2,964,571,Warning
2024-01-02 13:34,2,814,13.57,32.5,35.0,985,574,Warning
2024-01-02 13:35,2,815,13.58,33.5,32.9,994,567,Warning
2024-01-02 13:36,2,816,13.6,33.2,33.9,975,537,Warning
2024-01-02 13:37,2,817,13.62,32.8,32.7,968,551,Warning
2024-01-02 13:38,2,818,13.63,33.4,34.6,973,516,Warning
2024-01-02 13:39,2,819,13.65,33.6,32.5,984,520,Warning
2024-01-02 13:40,2,820,13.67,33.1,35.4,975,513,Warning
2024-01-02 13:41,2,821,13.68,33.7,32.2,994,536,Warning
2024-01-02 13:42,2,822,13.7,32.5,34.7,981,569,Warning
2024-01-02 13:43,2,823,13.72,33.6,33.6,974,541,Warning
2024-01-02 13:44,2,824,13.73,32.5,32.5,973,527,Warning
2024-01-02 13:45,2,825,13.75,32.7,34.5,975,531,Warning
2024-01-02 13:46,2,826,13.77,33.6,35.7,970,544,Warning
2024-01-02 13:47,2,827,13.78,32.4,33.7,989,543,Warning
2024-01-02 13:48,2,828,13.8,32.4,33.7,988,543,Warning
2024-01-02 13:49,2,829,13.82,33.4,33.4,975,520,Warning
2024-01-02 13:50,2,830,13.83,33.5,34.7,985,553,Warning
2024-01-02 13:51,2,831,13.85,33.5,35.2,970,555,Warning
2024-01-02 13:52,2,832,13.87,33.5,32.6,979,519,Warning
2024-01-02 13:53,2,833,13.88,32.2,33.8,1000,550,Warning
2024-01-02 13:54,2,834,13.9,32.1,34.3,987,506,Warning
2024-01-02 13:55,2,835,13.92,32.1,36.0,982,545,Warning
2024-01-02 13:56,2,836,13.93,32.6,33.3,998,524,Warning
2024-01-02 13:57,2,837,13.95,33.0,33.7,1011,514,Warning
2024-01-02 13:58,2,838,13.97,32.1,35.8,986,516,Warning
2024-01-02 13:59,2,839,13.98,32.6,34.0,1006,521,Warning
2024-01-02 14:00,2,840,14.0,32.7,35.3,996,494,Warning
2024-01-02 14:01,2,841,14.02,32.8,33.7,1008,537,Warning
2024-01-02 14:02,2,842,14.03,32.9,35.0,977,501,Warning
2024-01-02 14:03,2,843,14.05,32.4,32.8,974,508,Warning
2024-01-02 14:04,2,844,14.07,32.7,35.8,980,487,Warning
2024-01-02 14:05,2,845,14.08,33.2,33.4,981,500,Warning
2024-01-02 14:06,2,846,14.1,32.5,35.3,1008,540,Warning
2024-01-02 14:07,2,847,14.12,33.2,33.0,988,483,Warning
2024-01-02 14:08,2,848,14.13,32.9,32.5,983,502,Warning
2024-01-02 14:09,2,849,14.15,32.8,34.8,1001,500,Warning
2024-01-02 14:10,2,850,14.17,31.7,32.4,1011,480,Warning
2024-01-02 14:11,2,851,14.18,32.4,34.4,984,475,Warning
2024-01-02 14:12,2,852,14.2,31.8,32.6,990,477,Warning
2024-01-02 14:13,2,853,14.22,31.6,35.4,1001,480,Warning
2024-01-02 14:14,2,854,14.23,32.8,33.9,983,517,Warning
2024-01-02 14:15,2,855,14.25,32.4,35.8,1005,494,Warning
2024-01-02 14:16,2,856,14.27,32.6,33.8,975,485,Warning
2024-01-02 14:17,2,857,14.28,31.6,32.3,978,503,Warning
2024-01-02 14:18,2,858,14.3,32.6,34.1,976,489,Warning
2024-01-02 14:19,2,859,14.32,32.7,34.8,1005,497,Warning
2024-01-02 14:20,2,860,14.33,32.5,33.1,1012,493,Warning
2024-01-02 14:21,2,861,14.35,31.9,33.0,986,476,Warning
2024-01-02 14:22,2,862,14.37,32.9,34.2,984,505,Warning
2024-01-02 14:23,2,863,14.38,31.7,34.6,991,481,Warning
2024-01-02 14:24,2,864,14.4,31.6,35.1,1012,493,Warning
2024-01-02 14:25,2,865,14.42,32.6,35.4,1006,483,Warning
2024-01-02 14:26,2,866,14.43,31.7,34.7,1001,462,Warning
2024-01-02 14:27,2,867,14.45,31.3,33.6,1004,462,Warning
2024-01-02 14:28,2,868,14.47,31.6,32.5,1000,487,Warning
2024-01-02 14:29,2,869,14.48,32.4,33.5,992,465,Warning
2024-01-02 14:30,2,870,14.5,31.4,32.6,991,484,Warning
2024-01-02 14:31,2,871,14.52,31.1,35.8,990,479,Warning
2024-01-02 14:32,2,872,14.53,31.4,35.9,993,459,Warning
2024-01-02 14:33,2,873,14.55,31.2,34.4,980,477,Warning
2024-01-02 14:34,2,874,14.57,32.6,34.1,981,459,Warning
2024-01-02 14:35,2,875,14.58,31.1,33.4,1000,485,Warning
2024-01-02 14:36,2,876,14.6,31.4,33.8,990,456,Warning
2024-01-02 14:37,2,877,14.62,32.1,35.1,986,478,Warning
2024-01-02 14:38,2,878,14.63,32.0,33.5,1010,438,Warning
2024-01-02 14:39,2,879,14.65,31.7,35.3,980,468,Warning
2024-01-02 14:40,2,880,14.67,32.1,34.2,981,447,Warning
2024-01-02 14:41,2,881,14.68,31.1,35.0,984,483,Warning
2024-01-02 14:42,2,882,14.7,31.8,36.1,993,482,Warning
2024-01-02 14:43,2,883,14.72,31.1,35.0,988,473,Warning
2024-01-02 14:44,2,884,14.73,31.9,36.3,1011,455,Warning
2024-01-02 14:45,2,885,14.75,32.3,34.7,1012,480,Warning
2024-01-02 14:46,2,886,14.77,31.9,34.1,987,440,Warning
2024-01-02 14:47,2,887,14.78,31.1,34.8,1006,419,Warning
2024-01-02 14:48,2,888,14.8,32.1,35.4,1003,430,Warning
2024-01-02 14:49,2,889,14.82,30.9,34.8,983,423,Warning
2024-01-02 14:50,2,890,14.83,31.5,36.4,985,463,Warning
2024-01-02 14:51,2,891,14.85,30.6,35.5,998,445,Warning
2024-01-02 14:52,2,892,14.87,31.9,35.6,984,439,Warning
2024-01-02 14:53,2,893,14.88,30.6,33.7,997,417,Warning
2024-01-02 14:54,2,894,14.9,30.6,34.7,1001,410,Warning
2024-01-02 14:55,2,895,14.92,30.5,35.3,1008,419,Warning
2024-01-02 14:56,2,896,14.93,32.0,36.4,1007,442,Warning
2024-01-02 14:57,2,897,14.95,31.8,36.3,1015,430,Warning
2024-01-02 14:58,2,898,14.97,30.4,35.9,1004,423,Warning
2024-01-02 14:59,2,899,14.98,31.7,36.2,987,424,Warning
2024-01-02 15:00,2,900,15.0,30.9,35.9,1000,417,Warning
2024-01-02 15:01,2,901,15.02,30.4,34.2,1007,408,Warning
2024-01-02 15:02,2,902,15.03,31.6,36.5,981,429,Warning
2024-01-02 15:03,2,903,15.05,31.7,32.8,994,432,Warning
2024-01-02 15:04,2,904,15.07,31.5,32.7,985,404,Warning
2024-01-02 15:05,2,905,15.08,30.7,34.9,983,398,Warning
2024-01-02 15:06,2,906,15.1,30.7,34.5,984,405,Warning
2024-01-02 15:07,2,907,15.12,30.8,35.2,1008,387,Warning
2024-01-02 15:08,2,908,15.13,30.2,35.6,1004,428,Warning
2024-01-02 15:09,2,909,15.15,30.7,34.3,983,397,Warning
2024-01-02 15:10,2,910,15.17,30.5,35.2,992,419,Warning
2024-01-02 15:11,2,911,15.18,31.1,33.2,1008,375,Warning
2024-01-02 15:12,2,912,15.2,30.8,36.6,988,411,Warning
2024-01-02 15:13,2,913,15.22,30.2,35.1,1017,418,Warning
2024-01-02 15:14,2,914,15.23,30.4,36.6,1002,417,Warning
2024-01-02 15:15,2,915,15.25,30.5,34.7,982,378,Warning
2024-01-02 15:16,2,916,15.27,31.1,36.7,1006,380,Warning
2024-01-02 15:17,2,917,15.28,30.1,33.6,988,365,Warning
2024-01-02 15:18,2,918,15.3,30.1,33.2,1007,414,Warning
2024-01-02 15:19,2,919,15.32,30.3,33.8,995,368,Warning
2024-01-02 15:20,2,920,15.33,31.0,33.3,1006,376,Warning
2024-01-02 15:21,2,921,15.35,31.1,34.2,991,375,Warning
2024-01-02 15:22,2,922,15.37,31.1,34.9,1012,395,Warning
2024-01-02 15:23,2,923,15.38,30.8,36.9,1005,371,Warning
2024-01-02 15:24,2,924,15.4,31.0,35.3,978,382,Warning
2024-01-02 15:25,2,925,15.42,30.7,35.5,982,391,Warning
2024-01-02 15:26,2,926,15.43,30.5,35.6,998,385,Warning
2024-01-02 15:27,2,927,15.45,31.0,36.9,998,341,Warning
2024-01-02 15:28,2,928,15.47,29.6,35.0,987,370,Normal
2024-01-02 15:29,2,929,15.48,30.7,33.6,1004,353,Warning
2024-01-02 15:30,2,930,15.5,30.1,33.2,1006,395,Warning
2024-01-02 15:31,2,931,15.52,30.6,33.7,1005,373,Warning
2024-01-02 15:32,2,932,15.53,30.8,33.7,990,378,Warning
2024-01-02 15:33,2,933,15.55,30.7,35.0,1011,377,Warning
2024-01-02 15:34,2,934,15.57,29.4,34.8,999,339,Normal
2024-01-02 15:35,2,935,15.58,30.6,37.2,1013,324,Warning
2024-01-02 15:36,2,936,15.6,29.7,34.8,996,379,Normal
2024-01-02 15:37,2,937,15.62,29.5,36.7,984,364,Normal
2024-01-02 15:38,2,938,15.63,29.8,37.4,1002,344,Normal
2024-01-02 15:39,2,939,15.65,29.5,36.8,1003,349,Normal
2024-01-02 15:40,2,940,15.67,30.5,34.8,987,343,Warning
2024-01-02 15:41,2,941,15.68,29.6,34.2,1014,321,Normal
2024-01-02 15:42,2,942,15.7,29.7,35.1,1003,349,Normal
2024-01-02 15:43,2,943,15.72,29.3,36.1,982,312,Normal
2024-01-02 15:44,2,944,15.73,30.1,34.0,976,344,Warning
2024-01-02 15:45,2,945,15.75,30.2,34.1,1014,362,Warning
2024-01-02 15:46,2,946,15.77,29.6,36.2,1007,338,Normal
2024-01-02 15:47,2,947,15.78,30.0,36.4,1001,311,Warning
2024-01-02 15:48,2,948,15.8,29.0,35.6,999,303,Normal
2024-01-02 15:49,2,949,15.82,28.9,35.7,981,316,Normal
2024-01-02 15:50,2,950,15.83,30.1,37.5,1000,350,Warning
2024-01-02 15:51,2,951,15.85,29.8,36.7,999,290,Normal
2024-01-02 15:52,2,952,15.87,30.0,37.0,1006,305,Warning
2024-01-02 15:53,2,953,15.88,28.9,36.5,993,338,Normal
2024-01-02 15:54,2,954,15.9,29.9,37.6,988,283,Normal
2024-01-02 15:55,2,955,15.92,29.8,35.6,973,282,Normal
2024-01-02 15:56,2,956,15.93,28.6,35.5,1006,331,Normal
2024-01-02 15:57,2,957,15.95,29.5,35.3,983,312,Normal
2024-01-02 15:58,2,958,15.97,29.9,35.0,997,286,Normal
2024-01-02 15:59,2,959,15.98,29.2,35.7,975,323,Normal
2024-01-02 16:00,2,960,16.0,29.7,35.9,1012,293,Normal
2024-01-02 16:01,2,961,16.02,29.7,34.9,992,300,Normal
2024-01-02 16:02,2,962,16.03,28.4,35.1,979,297,Normal
2024-01-02 16:03,2,963,16.05,28.3,36.6,996,316,Normal
2024-01-02 16:04,2,964,16.07,29.3,38.0,1006,270,Normal
2024-01-02 16:05,2,965,16.08,29.5,35.1,976,259,Normal
2024-01-02 16:06,2,966,16.1,28.7,36.9,1007,265,Normal
2024-01-02 16:07,2,967,16.12,28.0,37.2,975,289,Normal
2024-01-02 16:08,2,968,16.13,28.5,37.4,978,280,Normal
2024-01-02 16:09,2,969,16.15,28.9,37.6,981,264,Normal
2024-01-02 16:10,2,970,16.17,28.9,35.4,981,281,Normal
2024-01-02 16:11,2,971,16.18,29.1,37.4,993,293,Normal
2024-01-02 16:12,2,972,16.2,28.2,34.8,974,301,Normal
2024-01-02 16:13,2,973,16.22,27.9,34.7,1005,295,Normal
2024-01-02 16:14,2,974,16.23,27.8,36.5,1006,244,Normal
2024-01-02 16:15,2,975,16.25,27.8,35.8,979,240,Normal
2024-01-02 16:16,2,976,16.27,27.7,38.1,980,258,Normal
2024-01-02 16:17,2,977,16.28,27.7,38.0,993,234,Normal
2024-01-02 16:18,2,978,16.3,28.3,37.3,980,271,Normal
2024-01-02 16:19,2,979,16.32,28.1,38.4,1007,283,Normal
2024-01-02 16:20,2,980,16.33,28.1,35.5,985,223,Normal
2024-01-02 16:21,2,981,16.35,28.8,37.6,1006,259,Normal
2024-01-02 16:22,2,982,16.37,28.7,35.4,987,240,Normal
2024-01-02 16:23,2,983,16.38,28.1,37.5,999,216,Normal
2024-01-02 16:24,2,984,16.4,27.5,38.0,972,226,Normal
2024-01-02 16:25,2,985,16.42,28.2,37.2,997,243,Normal
2024-01-02 16:26,2,986,16.43,28.4,36.0,987,216,Normal
2024-01-02 16:27,2,987,16.45,28.6,35.3,972,220,Normal
2024-01-02 16:28,2,988,16.47,27.2,38.0,971,221,Normal
2024-01-02 16:29,2,989,16.48,27.5,36.1,968,224,Normal
2024-01-02 16:30,2,990,16.5,28.2,37.9,992,246,Normal
2024-01-02 16:31,2,991,16.52,28.3,37.1,987,256,Normal
2024-01-02 16:32,2,992,16.53,27.3,36.1,979,219,Normal
2024-01-02 16:33,2,993,16.55,27.1,38.6,999,211,Normal
2024-01-02 16:34,2,994,16.57,27.1,36.3,992,216,Normal
2024-01-02 16:35,2,995,16.58,28.2,37.2,978,239,Normal
2024-01-02 16:36,2,996,16.6,27.3,36.0,984,212,Normal
2024-01-02 16:37,2,997,16.62,27.1,37.0,1000,234,Normal
2024-01-02 16:38,2,998,16.63,26.8,36.3,962,212,Normal
2024-01-02 16:39,2,999,16.65,27.1,37.3,997,229,Normal
2024-01-02 16:40,2,1000,16.67,28.0,39.5,992,197,Normal
2024-01-02 16:41,2,1001,16.68,27.2,36.2,978,199,Normal
2024-01-02 16:42,2,1002,16.7,27.8,37.3,962,183,Normal
2024-01-02 16:43,2,1003,16.72,27.5,37.4,978,174,Normal
2024-01-02 16:44,2,1004,16.73,26.5,38.7,978,178,Normal
2024-01-02 16:45,2,1005,16.75,27.2,39.2,971,197,Normal
2024-01-02 16:46,2,1006,16.77,26.5,37.2,969,193,Normal
2024-01-02 16:47,2,1007,16.78,26.7,38.3,994,217,Normal
2024-01-02 16:48,2,1008,16.8,27.7,39.5,959,191,Normal
2024-01-02 16:49,2,1009,16.82,27.7,37.8,982,172,Normal
2024-01-02 16:50,2,1010,16.83,27.5,37.0,957,201,Normal
2024-01-02 16:51,2,1011,16.85,27.0,36.4,971,173,Normal
2024-01-02 16:52,2,1012,16.87,26.3,38.1,992,165,Normal
2024-01-02 16:53,2,1013,16.88,27.0,37.3,954,160,Normal
2024-01-02 16:54,2,1014,16.9,26.1,39.5,989,140,Normal
2024-01-02 16:55,2,1015,16.92,27.5,37.6,977,139,Normal
2024-01-02 16:56,2,1016,16.93,27.4,40.2,954,156,Normal
2024-01-02 16:57,2,1017,16.95,26.9,36.8,957,185,Normal
2024-01-02 16:58,2,1018,16.97,27.2,39.5,968,150,Normal
2024-01-02 16:59,2,1019,16.98,27.0,38.2,985,176,Normal
2024-01-02 17:00,2,1020,17.0,26.3,39.1,975,144,Normal
2024-01-02 17:01,2,1021,17.02,26.9,38.6,956,175,Normal
2024-01-02 17:02,2,1022,17.03,26.3,39.3,950,134,Normal
2024-01-02 17:03,2,1023,17.05,25.7,36.9,954,137,Normal
2024-01-02 17:04,2,1024,17.07,27.0,39.8,962,125,Normal
2024-01-02 17:05,2,1025,17.08,25.7,39.8,970,164,Normal
2024-01-02 17:06,2,1026,17.1,27.0,40.9,950,126,Normal
2024-01-02 17:07,2,1027,17.12,26.9,37.2,949,167,Normal
2024-01-02 17:08,2,1028,17.13,25.9,38.1,985,154,Normal
2024-01-02 17:09,2,1029,17.15,26.7,38.2,955,161,Normal
2024-01-02 17:10,2,1030,17.17,25.6,39.0,953,119,Normal
2024-01-02 17:11,2,1031,17.18,26.7,40.3,970,137,Normal
2024-01-02 17:12,2,1032,17.2,26.0,37.8,977,109,Normal
2024-01-02 17:13,2,1033,17.22,26.2,40.0,960,112,Normal
2024-01-02 17:14,2,1034,17.23,26.4,39.3,948,105,Normal
2024-01-02 17:15,2,1035,17.25,26.4,40.3,964,122,Normal
2024-01-02 17:16,2,1036,17.27,26.4,38.5,955,128,Normal
2024-01-02 17:17,2,1037,17.28,25.2,41.4,944,94,Normal
2024-01-02 17:18,2,1038,17.3,25.0,38.5,964,91,Normal
2024-01-02 17:19,2,1039,17.32,25.8,39.0,977,124,Normal
2024-01-02 17:20,2,1040,17.33,25.8,41.1,958,119,Normal
2024-01-02 17:21,2,1041,17.35,25.6,38.4,971,77,Normal
2024-01-02 17:22,2,1042,17.37,26.3,38.7,961,93,Normal
2024-01-02 17:23,2,1043,17.38,26.4,41.3,970,78,Normal
2024-01-02 17:24,2,1044,17.4,26.0,38.7,954,90,Normal
2024-01-02 17:25,2,1045,17.42,25.0,39.2,972,102,Normal
2024-01-02 17:26,2,1046,17.43,24.8,39.9,942,105,Normal
2024-01-02 17:27,2,1047,17.45,24.8,38.2,964,67,Normal
2024-01-02 17:28,2,1048,17.47,25.0,40.1,968,81,Normal
2024-01-02 17:29,2,1049,17.48,25.1,38.7,969,55,Normal
2024-01-02 17:30,2,1050,17.5,25.1,39.1,959,80,Normal
2024-01-02 17:31,2,1051,17.52,25.2,39.7,961,62,Normal
2024-01-02 17:32,2,1052,17.53,25.0,38.6,956,89,Normal
2024-01-02 17:33,2,1053,17.55,25.9,39.2,944,65,Normal
2024-01-02 17:34,2,1054,17.57,24.6,39.6,969,68,Normal
2024-01-02 17:35,2,1055,17.58,25.1,39.0,933,76,Normal
2024-01-02 17:36,2,1056,17.6,24.6,39.0,937,35,Normal
2024-01-02 17:37,2,1057,17.62,25.6,41.0,944,34,Normal
2024-01-02 17:38,2,1058,17.63,25.0,39.8,968,71,Normal
2024-01-02 17:39,2,1059,17.65,25.3,40.3,934,38,Normal
2024-01-02 17:40,2,1060,17.67,25.2,42.3,944,53,Normal
2024-01-02 17:41,2,1061,17.68,24.4,42.0,949,59,Normal
2024-01-02 17:42,2,1062,17.7,24.4,41.3,926,23,Normal
2024-01-02 17:43,2,1063,17.72,24.2,42.6,964,44,Normal
2024-01-02 17:44,2,1064,17.73,25.1,42.5,940,21,Normal
2024-01-02 17:45,2,1065,17.75,24.4,39.4,935,30,Normal
2024-01-02 17:46,2,1066,17.77,25.3,39.7,924,48,Normal
2024-01-02 17:47,2,1067,17.78,24.5,40.6,934,20,Normal
2024-01-02 17:48,2,1068,17.8,25.1,40.0,922,39,Normal
2024-01-02 17:49,2,1069,17.82,24.2,41.2,922,29,Normal
2024-01-02 17:50,2,1070,17.83,25.0,41.3,923,48,Normal
2024-01-02 17:51,2,1071,17.85,23.6,42.2,938,46,Normal
2024-01-02 17:52,2,1072,17.87,23.9,41.5,929,39,Normal
2024-01-02 17:53,2,1073,17.88,23.7,40.8,940,16,Normal
2024-01-02 17:54,2,1074,17.9,24.2,41.0,952,1,Normal
2024-01-02 17:55,2,1075,17.92,24.5,40.7,947,0,Normal
2024-01-02 17:56,2,1076,17.93,24.7,41.0,938,37,Normal
2024-01-02 17:57,2,1077,17.95,24.2,42.5,954,7,Normal
2024-01-02 17:58,2,1078,17.97,23.5,42.6,955,0,Normal
2024-01-02 17:59,2,1079,17.98,23.5,41.6,929,14,Normal
2024-01-02 18:00,2,1080,18.0,24.8,41.4,915,0,Normal
2024-01-02 18:01,2,1081,18.02,24.1,42.8,940,5,Normal
2024-01-02 18:02,2,1082,18.03,23.4,40.5,937,10,Normal
2024-01-02 18:03,2,1083,18.05,23.2,41.3,952,10,Normal
2024-01-02 18:04,2,1084,18.07,23.9,43.9,944,2,Normal
2024-01-02 18:05,2,1085,18.08,23.4,43.0,932,6,Normal
2024-01-02 18:06,2,1086,18.1,23.9,44.1,927,4,Normal
2024-01-02 18:07,2,1087,18.12,23.2,42.7,930,9,Normal
2024-01-02 18:08,2,1088,18.13,23.0,43.7,944,5,Normal
2024-01-02 18:09,2,1089,18.15,23.3,44.4,939,10,Normal
2024-01-02 18:10,2,1090,18.17,23.0,43.3,940,4,Normal
2024-01-02 18:11,2,1091,18.18,23.7,43.3,925,7,Normal
2024-01-02 18:12,2,1092,18.2,23.1,43.9,905,7,Normal
2024-01-02 18:13,2,1093,18.22,22.7,41.9,942,1,Normal
2024-01-02 18:14,2,1094,18.23,22.7,42.1,931,5,Normal
2024-01-02 18:15,2,1095,18.25,23.6,40.9,919,2,Normal
2024-01-02 18:16,2,1096,18.27,23.1,42.1,934,10,Normal
2024-01-02 18:17,2,1097,18.28,24.0,43.3,907,4,Normal
2024-01-02 18:18,2,1098,18.3,22.6,44.0,928,9,Normal
2024-01-02 18:19,2,1099,18.32,23.8,42.3,902,7,Normal
2024-01-02 18:20,2,1100,18.33,23.8,42.2,939,6,Normal
2024-01-02 18:21,2,1101,18.35,23.0,45.2,905,4,Normal
2024-01-02 18:22,2,1102,18.37,23.7,43.8,909,9,Normal
2024-01-02 18:23,2,1103,18.38,22.9,44.9,934,2,Normal
2024-01-02 18:24,2,1104,18.4,23.2,42.3,904,6,Normal
2024-01-02 18:25,2,1105,18.42,23.0,42.8,901,4,Normal
2024-01-02 18:26,2,1106,18.43,23.0,44.1,929,2,Normal
2024-01-02 18:27,2,1107,18.45,22.6,45.2,921,1,Normal
2024-01-02 18:28,2,1108,18.47,22.2,43.5,913,8,Normal
2024-01-02 18:29,2,1109,18.48,23.4,44.7,921,5,Normal
2024-01-02 18:30,2,1110,18.5,22.6,43.6,918,7,Normal
2024-01-02 18:31,2,1111,18.52,21.9,44.2,917,1,Normal
2024-01-02 18:32,2,1112,18.53,23.0,44.5,909,3,Normal
2024-01-02 18:33,2,1113,18.55,22.7,43.6,928,8,Normal
2024-01-02 18:34,2,1114,18.57,23.2,45.6,891,6,Normal
2024-01-02 18:35,2,1115,18.58,21.9,44.9,917,8,Normal
2024-01-02 18:36,2,1116,18.6,22.4,42.5,890,4,Normal
2024-01-02 18:37,2,1117,18.62,22.9,44.9,907,9,Normal
2024-01-02 18:38,2,1118,18.63,21.7,43.6,915,5,Normal
2024-01-02 18:39,2,1119,18.65,22.9,42.9,921,10,Normal
2024-01-02 18:40,2,1120,18.67,22.3,45.4,897,8,Normal
2024-01-02 18:41,2,1121,18.68,21.7,45.6,914,2,Normal
2024-01-02 18:42,2,1122,18.7,21.7,45.4,891,4,Normal
2024-01-02 18:43,2,1123,18.72,22.3,45.6,881,7,Normal
2024-01-02 18:44,2,1124,18.73,22.3,43.6,884,0,Normal
2024-01-02 18:45,2,1125,18.75,21.5,46.4,912,1,Normal
2024-01-02 18:46,2,1126,18.77,21.6,43.3,880,8,Normal
2024-01-02 18:47,2,1127,18.78,21.9,43.2,885,4,Normal
2024-01-02 18:48,2,1128,18.8,21.8,47.0,892,8,Normal
2024-01-02 18:49,2,1129,18.82,21.5,45.6,904,10,Normal
2024-01-02 18:50,2,1130,18.83,22.0,44.9,915,0,Normal
2024-01-02 18:51,2,1131,18.85,21.3,46.5,889,2,Normal
2024-01-02 18:52,2,1132,18.87,21.8,46.1,885,7,Normal
2024-01-02 18:53,2,1133,18.88,21.7,44.5,879,9,Normal
2024-01-02 18:54,2,1134,18.9,21.7,46.1,897,6,Normal
2024-01-02 18:55,2,1135,18.92,21.9,44.0,897,6,Normal
2024-01-02 18:56,2,1136,18.93,21.0,44.7,877,9,Normal
2024-01-02 18:57,2,1137,18.95,21.4,46.0,871,10,Normal
2024-01-02 18:58,2,1138,18.97,21.7,46.4,896,0,Normal
2024-01-02 18:59,2,1139,18.98,22.1,45.2,875,7,Normal
2024-01-02 19:00,2,1140,19.0,22.0,45.7,867,2,Normal
2024-01-02 19:01,2,1141,19.02,21.1,47.3,898,3,Normal
2024-01-02 19:02,2,1142,19.03,21.1,46.8,889,8,Normal
2024-01-02 19:03,2,1143,19.05,20.6,46.7,886,10,Normal
2024-01-02 19:04,2,1144,19.07,21.6,45.5,871,4,Normal
2024-01-02 19:05,2,1145,19.08,21.7,46.8,887,1,Normal
2024-01-02 19:06,2,1146,19.1,21.8,46.8,885,7,Normal
2024-01-02 19:07,2,1147,19.12,21.3,45.1,892,10,Normal
2024-01-02 19:08,2,1148,19.13,21.1,44.9,879,9,Normal
2024-01-02 19:09,2,1149,19.15,21.8,45.9,898,6,Normal
2024-01-02 19:10,2,1150,19.17,20.3,44.7,868,3,Normal
2024-01-02 19:11,2,1151,19.18,20.3,45.0,887,5,Normal
2024-01-02 19:12,2,1152,19.2,21.3,48.6,871,1,Normal
2024-01-02 19:13,2,1153,19.22,21.5,45.4,879,6,Normal
2024-01-02 19:14,2,1154,19.23,21.5,45.1,870,1,Normal
2024-01-02 19:15,2,1155,19.25,20.0,47.9,881,5,Normal
2024-01-02 19:16,2,1156,19.27,20.9,48.3,863,5,Normal
2024-01-02 19:17,2,1157,19.28,20.1,46.8,859,10,Normal
2024-01-02 19:18,2,1158,19.3,20.8,45.9,866,7,Normal
2024-01-02 19:19,2,1159,19.32,20.5,46.3,861,2,Normal
2024-01-02 19:20,2,1160,19.33,20.5,47.3,860,1,Normal
2024-01-02 19:21,2,1161,19.35,20.7,47.8,854,3,Normal
2024-01-02 19:22,2,1162,19.37,19.8,45.9,847,5,Normal
2024-01-02 19:23,2,1163,19.38,20.9,47.7,850,5,Normal
2024-01-02 19:24,2,1164,19.4,19.9,48.4,878,7,Normal
2024-01-02 19:25,2,1165,19.42,19.9,46.4,874,8,Normal
2024-01-02 19:26,2,1166,19.43,20.1,48.1,878,2,Normal
2024-01-02 19:27,2,1167,19.45,20.8,47.5,882,6,Normal
2024-01-02 19:28,2,1168,19.47,20.9,48.0,849,8,Normal
2024-01-02 19:29,2,1169,19.48,19.9,46.3,854,0,Normal
2024-01-02 19:30,2,1170,19.5,20.3,47.2,853,4,Normal
2024-01-02 19:31,2,1171,19.52,20.8,47.0,860,1,Normal
2024-01-02 19:32,2,1172,19.53,20.7,46.7,855,1,Normal
2024-01-02 19:33,2,1173,19.55,20.1,47.1,869,9,Normal
2024-01-02 19:34,2,1174,19.57,20.0,47.8,838,8,Normal
2024-01-02 19:35,2,1175,19.58,20.3,46.7,864,4,Normal
2024-01-02 19:36,2,1176,19.6,20.2,46.5,859,4,Normal
2024-01-02 19:37,2,1177,19.62,19.4,49.9,835,2,Normal
2024-01-02 19:38,2,1178,19.63,19.4,49.7,852,10,Normal
2024-01-02 19:39,2,1179,19.65,20.5,46.8,861,1,Normal
2024-01-02 19:40,2,1180,19.67,20.3,48.9,869,0,Normal
2024-01-02 19:41,2,1181,19.68,19.5,47.0,855,9,Normal
2024-01-02 19:42,2,1182,19.7,20.1,50.5,863,7,Normal
2024-01-02 19:43,2,1183,19.72,20.4,47.9,829,1,Normal
2024-01-02 19:44,2,1184,19.73,18.9,48.9,848,6,Normal
2024-01-02 19:45,2,1185,19.75,19.5,50.1,839,0,Normal
2024-01-02 19:46,2,1186,19.77,20.2,47.1,836,8,Normal
2024-01-02 19:47,2,1187,19.78,19.7,48.6,824,8,Normal
2024-01-02 19:48,2,1188,19.8,19.4,48.7,846,2,Normal
2024-01-02 19:49,2,1189,19.82,19.3,48.9,829,1,Normal
2024-01-02 19:50,2,1190,19.83,19.3,50.9,843,5,Normal
2024-01-02 19:51,2,1191,19.85,18.9,49.1,822,3,Normal
2024-01-02 19:52,2,1192,19.87,18.9,49.8,832,6,Normal
2024-01-02 19:53,2,1193,19.88,19.7,51.1,851,9,Normal
2024-01-02 19:54,2,1194,19.9,18.5,50.8,831,0,Normal
2024-01-02 19:55,2,1195,19.92,18.5,48.2,826,4,Normal
2024-01-02 19:56,2,1196,19.93,18.4,49.1,829,4,Normal
2024-01-02 19:57,2,1197,19.95,18.5,49.4,820,10,Normal
2024-01-02 19:58,2,1198,19.97,18.4,48.9,846,3,Normal
2024-01-02 19:59,2,1199,19.98,19.0,50.9,833,3,Normal
2024-01-02 20:00,2,1200,20.0,18.9,49.2,833,8,Normal
2024-01-02 20:01,2,1201,20.02,18.6,50.7,842,4,Normal
2024-01-02 20:02,2,1202,20.03,18.6,50.3,814,0,Normal
2024-01-02 20:03,2,1203,20.05,18.6,49.9,846,7,Normal
2024-01-02 20:04,2,1204,20.07,18.5,49.1,814,8,Normal
2024-01-02 20:05,2,1205,20.08,18.4,51.3,818,1,Normal
2024-01-02 20:06,2,1206,20.1,18.6,51.7,813,0,Normal
2024-01-02 20:07,2,1207,20.12,19.5,51.3,832,1,Normal
2024-01-02 20:08,2,1208,20.13,17.9,51.9,819,4,Normal
2024-01-02 20:09,2,1209,20.15,18.8,49.8,805,0,Normal
2024-01-02 20:10,2,1210,20.17,18.3,51.1,830,0,Normal
2024-01-02 20:11,2,1211,20.18,19.2,50.3,800,3,Normal
2024-01-02 20:12,2,1212,20.2,18.1,49.6,824,8,Normal
2024-01-02 20:13,2,1213,20.22,17.8,50.1,830,5,Normal
2024-01-02 20:14,2,1214,20.23,19.2,52.6,816,4,Normal
2024-01-02 20:15,2,1215,20.25,18.9,51.4,795,5,Normal
2024-01-02 20:16,2,1216,20.27,18.8,51.6,820,0,Normal
2024-01-02 20:17,2,1217,20.28,18.9,51.4,810,8,Normal
2024-01-02 20:18,2,1218,20.3,18.3,51.5,827,8,Normal
2024-01-02 20:19,2,1219,20.32,17.9,53.2,819,3,Normal
2024-01-02 20:20,2,1220,20.33,17.7,49.5,806,1,Normal
2024-01-02 20:21,2,1221,20.35,19.0,52.5,806,5,Normal
2024-01-02 20:22,2,1222,20.37,18.3,49.7,804,5,Normal
2024-01-02 20:23,2,1223,20.38,17.8,50.6,824,0,Normal
2024-01-02 20:24,2,1224,20.4,17.5,51.9,805,4,Normal
2024-01-02 20:25,2,1225,20.42,18.6,51.5,785,7,Normal
2024-01-02 20:26,2,1226,20.43,17.3,50.0,805,7,Normal
2024-01-02 20:27,2,1227,20.45,18.2,52.1,808,0,Normal
2024-01-02 20:28,2,1228,20.47,18.1,50.3,820,8,Normal
2024-01-02 20:29,2,1229,20.48,17.6,50.3,791,4,Normal
2024-01-02 20:30,2,1230,20.5,18.3,51.2,810,2,Normal
2024-01-02 20:31,2,1231,20.52,17.4,50.9,817,10,Normal
2024-01-02 20:32,2,1232,20.53,17.1,50.7,778,2,Normal
2024-01-02 20:33,2,1233,20.55,18.1,53.7,812,5,Normal
2024-01-02 20:34,2,1234,20.57,17.0,53.2,777,4,Normal
2024-01-02 20:35,2,1235,20.58,18.5,50.5,795,8,Normal
2024-01-02 20:36,2,1236,20.6,18.1,52.9,794,1,Normal
2024-01-02 20:37,2,1237,20.62,17.0,52.3,803,1,Normal
2024-01-02 20:38,2,1238,20.63,17.2,51.9,793,10,Normal
2024-01-02 20:39,2,1239,20.65,17.5,53.3,787,2,Normal
2024-01-02 20:40,2,1240,20.67,16.8,53.2,791,5,Normal
2024-01-02 20:41,2,1241,20.68,18.3,54.4,790,7,Normal
2024-01-02 20:42,2,1242,20.7,18.2,52.1,767,2,Normal
2024-01-02 20:43,2,1243,20.72,17.3,52.1,774,9,Normal
2024-01-02 20:44,2,1244,20.73,16.7,53.5,784,8,Normal
2024-01-02 20:45,2,1245,20.75,17.8,54.1,800,5,Normal
2024-01-02 20:46,2,1246,20.77,18.1,52.7,798,0,Normal
2024-01-02 20:47,2,1247,20.78,17.6,51.9,765,1,Normal
2024-01-02 20:48,2,1248,20.8,18.0,55.3,795,8,Normal
2024-01-02 20:49,2,1249,20.82,18.1,53.9,784,8,Normal
2024-01-02 20:50,2,1250,20.83,17.6,54.9,790,0,Normal
2024-01-02 20:51,2,1251,20.85,17.4,54.2,789,7,Normal
2024-01-02 20:52,2,1252,20.87,16.9,52.4,791,4,Normal
2024-01-02 20:53,2,1253,20.88,17.8,53.0,777,3,Normal
2024-01-02 20:54,2,1254,20.9,17.0,54.7,760,3,Normal
2024-01-02 20:55,2,1255,20.92,17.0,55.6,778,5,Normal
2024-01-02 20:56,2,1256,20.93,16.4,54.1,755,5,Normal
2024-01-02 20:57,2,1257,20.95,17.3,54.4,778,6,Normal
2024-01-02 20:58,2,1258,20.97,16.6,55.3,756,8,Normal
2024-01-02 20:59,2,1259,20.98,16.6,55.7,784,10,Normal
2024-01-02 21:00,2,1260,21.0,16.3,53.2,764,5,Normal
2024-01-02 21:01,2,1261,21.02,16.6,52.5,771,8,Normal
2024-01-02 21:02,2,1262,21.03,17.6,54.6,784,3,Normal
2024-01-02 21:03,2,1263,21.05,17.5,55.8,743,2,Normal
2024-01-02 21:04,2,1264,21.07,16.2,53.5,777,7,Normal
2024-01-02 21:05,2,1265,21.08,17.2,53.0,743,6,Normal
2024-01-02 21:06,2,1266,21.1,16.0,53.2,744,2,Normal
2024-01-02 21:07,2,1267,21.12,16.7,54.7,763,6,Normal
2024-01-02 21:08,2,1268,21.13,16.5,54.3,772,3,Normal
2024-01-02 21:09,2,1269,21.15,17.0,53.2,757,9,Normal
2024-01-02 21:10,2,1270,21.17,16.8,53.2,737,1,Normal
2024-01-02 21:11,2,1271,21.18,17.0,54.3,762,6,Normal
2024-01-02 21:12,2,1272,21.2,16.8,55.9,760,4,Normal
2024-01-02 21:13,2,1273,21.22,17.0,55.8,743,9,Normal
2024-01-02 21:14,2,1274,21.23,17.2,56.8,736,2,Normal
2024-01-02 21:15,2,1275,21.25,17.1,55.5,753,10,Normal
2024-01-02 21:16,2,1276,21.27,16.7,54.7,757,2,Normal
2024-01-02 21:17,2,1277,21.28,16.4,55.6,734,3,Normal
2024-01-02 21:18,2,1278,21.3,16.1,54.7,762,8,Normal
2024-01-02 21:19,2,1279,21.32,17.0,55.7,752,4,Normal
2024-01-02 21:20,2,1280,21.33,16.1,54.7,735,2,Normal
2024-01-02 21:21,2,1281,21.35,15.6,57.3,736,6,Normal
2024-01-02 21:22,2,1282,21.37,16.3,55.9,761,5,Normal
2024-01-02 21:23,2,1283,21.38,15.6,54.8,728,4,Normal
2024-01-02 21:24,2,1284,21.4,15.9,55.5,730,4,Normal
2024-01-02 21:25,2,1285,21.42,16.9,54.8,757,1,Normal
2024-01-02 21:26,2,1286,21.43,16.9,56.5,727,1,Normal
2024-01-02 21:27,2,1287,21.45,15.7,57.3,726,0,Normal
2024-01-02 21:28,2,1288,21.47,16.3,54.2,749,8,Normal
2024-01-02 21:29,2,1289,21.48,16.6,54.1,715,5,Normal
2024-01-02 21:30,2,1290,21.5,15.6,57.9,749,6,Normal
2024-01-02 21:31,2,1291,21.52,16.4,56.3,741,4,Normal
2024-01-02 21:32,2,1292,21.53,16.7,57.1,718,7,Normal
2024-01-02 21:33,2,1293,21.55,16.6,56.3,715,2,Normal
2024-01-02 21:34,2,1294,21.57,16.8,57.3,716,5,Normal
2024-01-02 21:35,2,1295,21.58,16.4,57.4,722,1,Normal
2024-01-02 21:36,2,1296,21.6,15.6,56.5,723,7,Normal
2024-01-02 21:37,2,1297,21.62,16.1,56.6,709,5,Normal
2024-01-02 21:38,2,1298,21.63,16.5,54.8,710,8,Normal
2024-01-02 21:39,2,1299,21.65,15.5,58.1,743,0,Normal
2024-01-02 21:40,2,1300,21.67,16.5,57.3,717,2,Normal
2024-01-02 21:41,2,1301,21.68,15.9,58.3,715,10,Normal
2024-01-02 21:42,2,1302,21.7,15.3,56.8,731,2,Normal
2024-01-02 21:43,2,1303,21.72,16.1,56.1,711,10,Normal
2024-01-02 21:44,2,1304,21.73,16.3,58.8,710,0,Normal
2024-01-02 21:45,2,1305,21.75,15.6,57.0,735,3,Normal
2024-01-02 21:46,2,1306,21.77,16.0,55.3,711,9,Normal
2024-01-02 21:47,2,1307,21.78,15.4,57.5,734,5,Normal
2024-01-02 21:48,2,1308,21.8,15.6,57.9,704,4,Normal
2024-01-02 21:49,2,1309,21.82,16.1,58.8,723,7,Normal
2024-01-02 21:50,2,1310,21.83,16.0,57.0,713,8,Normal
2024-01-02 21:51,2,1311,21.85,15.5,55.8,697,4,Normal
2024-01-02 21:52,2,1312,21.87,15.4,57.3,703,10,Normal
2024-01-02 21:53,2,1313,21.88,15.4,56.3,707,10,Normal
2024-01-02 21:54,2,1314,21.9,14.9,58.4,694,7,Normal
2024-01-02 21:55,2,1315,21.92,16.0,59.2,723,6,Normal
2024-01-02 21:56,2,1316,21.93,15.7,55.9,701,8,Normal
2024-01-02 21:57,2,1317,21.95,15.0,59.2,709,0,Normal
2024-01-02 21:58,2,1318,21.97,15.5,57.2,702,6,Normal
2024-01-02 21:59,2,1319,21.98,15.2,57.7,706,4,Normal
2024-01-02 22:00,2,1320,22.0,16.0,57.1,694,5,Normal
2024-01-02 22:01,2,1321,22.02,15.5,56.2,436,9,Normal
2024-01-02 22:02,2,1322,22.03,15.9,58.3,445,9,Normal
2024-01-02 22:03,2,1323,22.05,15.5,56.7,427,6,Normal
2024-01-02 22:04,2,1324,22.07,14.6,59.1,480,1,Normal
2024-01-02 22:05,2,1325,22.08,15.5,58.4,430,2,Normal
2024-01-02 22:06,2,1326,22.1,15.8,57.9,453,2,Normal
2024-01-02 22:07,2,1327,22.12,15.8,57.7,425,0,Normal
2024-01-02 22:08,2,1328,22.13,14.4,56.6,453,8,Normal
2024-01-02 22:09,2,1329,22.15,15.0,58.5,426,0,Normal
2024-01-02 22:10,2,1330,22.17,14.7,59.7,429,1,Normal
2024-01-02 22:11,2,1331,22.18,15.6,58.2,437,1,Normal
2024-01-02 22:12,2,1332,22.2,14.4,58.7,461,0,Normal
2024-01-02 22:13,2,1333,22.22,14.3,60.1,439,1,Warning
2024-01-02 22:14,2,1334,22.23,15.4,60.0,447,4,Warning
2024-01-02 22:15,2,1335,22.25,15.5,58.6,456,4,Normal
2024-01-02 22:16,2,1336,22.27,14.9,57.3,484,7,Normal
2024-01-02 22:17,2,1337,22.28,14.8,58.7,437,8,Normal
2024-01-02 22:18,2,1338,22.3,14.6,58.2,467,3,Normal
2024-01-02 22:19,2,1339,22.32,14.8,61.1,459,8,Warning
2024-01-02 22:20,2,1340,22.33,15.3,59.0,429,6,Normal
2024-01-02 22:21,2,1341,22.35,15.4,59.0,429,10,Normal
2024-01-02 22:22,2,1342,22.37,14.6,57.9,436,1,Normal
2024-01-02 22:23,2,1343,22.38,15.0,58.2,484,3,Normal
2024-01-02 22:24,2,1344,22.4,14.2,59.0,474,9,Normal
2024-01-02 22:25,2,1345,22.42,15.3,57.7,450,4,Normal
2024-01-02 22:26,2,1346,22.43,15.2,60.9,437,9,Warning
2024-01-02 22:27,2,1347,22.45,14.7,57.6,469,7,Normal
2024-01-02 22:28,2,1348,22.47,14.9,58.9,452,7,Normal
2024-01-02 22:29,2,1349,22.48,15.1,59.7,447,1,Normal
2024-01-02 22:30,2,1350,22.5,14.6,58.1,406,2,Normal
2024-01-02 22:31,2,1351,22.52,14.8,58.3,416,0,Normal
2024-01-02 22:32,2,1352,22.53,15.3,59.8,464,7,Normal
2024-01-02 22:33,2,1353,22.55,14.1,61.4,420,4,Warning
2024-01-02 22:34,2,1354,22.57,14.1,61.9,452,8,Warning
2024-01-02 22:35,2,1355,22.58,14.4,61.6,438,2,Warning
2024-01-02 22:36,2,1356,22.6,14.3,60.8,463,8,Warning
2024-01-02 22:37,2,1357,22.62,14.8,60.0,431,2,Warning
2024-01-02 22:38,2,1358,22.63,14.1,61.0,443,6,Warning
2024-01-02 22:39,2,1359,22.65,14.1,60.1,449,4,Warning
2024-01-02 22:40,2,1360,22.67,14.9,59.1,433,5,Normal
2024-01-02 22:41,2,1361,22.68,13.9,60.8,433,5,Warning
2024-01-02 22:42,2,1362,22.7,14.8,61.9,417,3,Warning
2024-01-02 22:43,2,1363,22.72,14.2,61.7,480,4,Warning
2024-01-02 22:44,2,1364,22.73,14.3,61.6,481,8,Warning
2024-01-02 22:45,2,1365,22.75,14.8,59.4,435,3,Normal
2024-01-02 22:46,2,1366,22.77,14.2,59.7,438,9,Normal
2024-01-02 22:47,2,1367,22.78,14.7,60.2,465,9,Warning
2024-01-02 22:48,2,1368,22.8,14.1,61.9,473,3,Warning
2024-01-02 22:49,2,1369,22.82,13.9,61.9,454,9,Warning
2024-01-02 22:50,2,1370,22.83,13.9,59.5,463,1,Normal
2024-01-02 22:51,2,1371,22.85,15.1,59.1,453,6,Normal
2024-01-02 22:52,2,1372,22.87,14.7,60.2,432,3,Warning
2024-01-02 22:53,2,1373,22.88,14.5,60.5,449,5,Warning
2024-01-02 22:54,2,1374,22.9,14.1,61.1,464,3,Warning
2024-01-02 22:55,2,1375,22.92,15.1,62.8,450,6,Warning
2024-01-02 22:56,2,1376,22.93,14.5,61.1,446,8,Warning
2024-01-02 22:57,2,1377,22.95,15.0,61.8,431,7,Warning
2024-01-02 22:58,2,1378,22.97,14.8,60.6,460,8,Warning
2024-01-02 22:59,2,1379,22.98,15.0,62.9,432,2,Warning
2024-01-02 23:00,2,1380,23.0,15.0,63.3,432,8,Warning
2024-01-02 23:01,2,1381,23.02,13.8,61.7,439,4,Warning
2024-01-02 23:02,2,1382,23.03,14.3,59.5,430,10,Normal
2024-01-02 23:03,2,1383,23.05,14.3,59.6,450,4,Normal
2024-01-02 23:04,2,1384,23.07,14.5,63.4,471,9,Warning
2024-01-02 23:05,2,1385,23.08,14.5,61.5,457,1,Warning
2024-01-02 23:06,2,1386,23.1,13.5,59.7,453,2,Normal
2024-01-02 23:07,2,1387,23.12,14.9,60.2,427,0,Warning
2024-01-02 23:08,2,1388,23.13,14.2,62.5,449,4,Warning
2024-01-02 23:09,2,1389,23.15,15.0,60.5,431,5,Warning
2024-01-02 23:10,2,1390,23.17,14.8,63.2,425,9,Warning
2024-01-02 23:11,2,1391,23.18,14.6,61.3,425,6,Warning
2024-01-02 23:12,2,1392,23.2,14.8,62.6,435,2,Warning
2024-01-02 23:13,2,1393,23.22,14.6,60.3,439,9,Warning
2024-01-02 23:14,2,1394,23.23,13.7,62.0,408,4,Warning
2024-01-02 23:15,2,1395,23.25,13.8,61.4,453,1,Warning
2024-01-02 23:16,2,1396,23.27,14.3,61.9,410,2,Warning
2024-01-02 23:17,2,1397,23.28,14.5,60.9,430,2,Warning
2024-01-02 23:18,2,1398,23.3,14.6,61.0,423,3,Warning
2024-01-02 23:19,2,1399,23.32,13.9,62.9,459,2,Warning
2024-01-02 23:20,2,1400,23.33,13.8,61.8,431,2,Warning
2024-01-02 23:21,2,1401,23.35,14.2,62.0,458,3,Warning
2024-01-02 23:22,2,1402,23.37,13.6,61.5,450,1,Warning
2024-01-02 23:23,2,1403,23.38,14.1,62.7,450,7,Warning
2024-01-02 23:24,2,1404,23.4,14.7,63.2,445,6,Warning
2024-01-02 23:25,2,1405,23.42,13.6,62.8,476,5,Warning
2024-01-02 23:26,2,1406,23.43,14.3,63.2,435,8,Warning
2024-01-02 23:27,2,1407,23.45,14.2,63.5,445,3,Warning
2024-01-02 23:28,2,1408,23.47,13.7,62.5,408,8,Warning
2024-01-02 23:29,2,1409,23.48,14.3,61.4,443,5,Warning
2024-01-02 23:30,2,1410,23.5,13.9,62.2,431,5,Warning
2024-01-02 23:31,2,1411,23.52,14.4,63.3,443,2,Warning
2024-01-02 23:32,2,1412,23.53,13.9,62.1,438,2,Warning
2024-01-02 23:33,2,1413,23.55,14.7,62.0,434,0,Warning
2024-01-02 23:34,2,1414,23.57,14.0,63.3,456,6,Warning
2024-01-02 23:35,2,1415,23.58,14.0,61.9,474,5,Warning
2024-01-02 23:36,2,1416,23.6,14.0,62.5,416,8,Warning
2024-01-02 23:37,2,1417,23.62,13.4,62.7,449,6,Warning
2024-01-02 23:38,2,1418,23.63,14.2,61.7,427,9,Warning
2024-01-02 23:39,2,1419,23.65,14.8,64.8,445,2,Warning
2024-01-02 23:40,2,1420,23.67,13.4,62.4,452,4,Warning
2024-01-02 23:41,2,1421,23.68,14.5,61.7,442,2,Warning
2024-01-02 23:42,2,1422,23.7,14.0,63.8,421,4,Warning
2024-01-02 23:43,2,1423,23.72,13.7,62.0,469,1,Warning
2024-01-02 23:44,2,1424,23.73,14.4,61.9,450,0,Warning
2024-01-02 23:45,2,1425,23.75,14.0,62.7,448,3,Warning
2024-01-02 23:46,2,1426,23.77,14.7,64.0,456,1,Warning
2024-01-02 23:47,2,1427,23.78,13.8,62.7,471,5,Warning
2024-01-02 23:48,2,1428,23.8,14.7,64.7,463,9,Warning
2024-01-02 23:49,2,1429,23.82,13.8,61.7,461,0,Warning
2024-01-02 23:50,2,1430,23.83,13.6,63.9,461,5,Warning
2024-01-02 23:51,2,1431,23.85,13.8,64.8,455,1,Warning
2024-01-02 23:52,2,1432,23.87,14.2,62.1,422,4,Warning
2024-01-02 23:53,2,1433,23.88,13.9,63.0,459,2,Warning
2024-01-02 23:54,2,1434,23.9,13.7,63.2,443,4,Warning
2024-01-02 23:55,2,1435,23.92,14.7,63.4,441,1,Warning
2024-01-02 23:56,2,1436,23.93,13.9,62.0,440,10,Warning
2024-01-02 23:57,2,1437,23.95,14.6,65.0,420,2,Warning
2024-01-02 23:58,2,1438,23.97,14.1,63.3,453,10,Warning
2024-01-02 23:59,2,1439,23.98,14.7,63.4,457,6,Warning
2024-01-03 00:00,3,0,0.0,13.6,64.4,458,8,Warning
2024-01-03 00:01,3,1,0.02,13.8,63.8,450,5,Warning
2024-01-03 00:02,3,2,0.03,13.4,62.6,445,10,Warning
2024-01-03 00:03,3,3,0.05,13.3,62.0,484,4,Warning
2024-01-03 00:04,3,4,0.07,13.5,65.2,465,6,Warning
2024-01-03 00:05,3,5,0.08,13.3,63.2,437,7,Warning
2024-01-03 00:06,3,6,0.1,13.8,65.6,450,6,Warning
2024-01-03 00:07,3,7,0.12,13.7,63.3,474,4,Warning
2024-01-03 00:08,3,8,0.13,13.5,63.6,420,4,Warning
2024-01-03 00:09,3,9,0.15,14.2,64.5,419,8,Warning
2024-01-03 00:10,3,10,0.17,14.4,63.2,410,2,Warning
2024-01-03 00:11,3,11,0.18,14.4,64.8,438,5,Warning
2024-01-03 00:12,3,12,0.2,14.8,65.0,445,9,Warning
2024-01-03 00:13,3,13,0.22,13.9,62.6,427,9,Warning
2024-01-03 00:14,3,14,0.23,14.8,64.9,468,8,Warning
2024-01-03 00:15,3,15,0.25,14.8,62.7,465,6,Warning
2024-01-03 00:16,3,16,0.27,13.9,63.1,442,6,Warning
2024-01-03 00:17,3,17,0.28,14.8,65.6,447,9,Warning
2024-01-03 00:18,3,18,0.3,14.1,65.9,415,5,Warning
2024-01-03 00:19,3,19,0.32,14.2,63.3,463,2,Warning
2024-01-03 00:20,3,20,0.33,13.7,65.2,441,10,Warning
2024-01-03 00:21,3,21,0.35,13.7,62.6,436,10,Warning
2024-01-03 00:22,3,22,0.37,13.5,63.6,469,5,Warning
2024-01-03 00:23,3,23,0.38,13.4,63.5,449,1,Warning
2024-01-03 00:24,3,24,0.4,14.2,65.5,459,9,Warning
2024-01-03 00:25,3,25,0.42,13.9,65.0,457,8,Warning
2024-01-03 00:26,3,26,0.43,13.3,64.0,445,2,Warning
2024-01-03 00:27,3,27,0.45,14.0,65.7,420,10,Warning
2024-01-03 00:28,3,28,0.47,13.9,64.3,469,1,Warning
2024-01-03 00:29,3,29,0.48,14.3,65.0,430,8,Warning
2024-01-03 00:30,3,30,0.5,13.9,63.9,444,0,Warning
2024-01-03 00:31,3,31,0.52,13.5,65.1,467,6,Warning
2024-01-03 00:32,3,32,0.53,14.0,65.9,455,8,Warning
2024-01-03 00:33,3,33,0.55,14.5,66.8,452,2,Warning
2024-01-03 00:34,3,34,0.57,13.9,66.7,431,3,Warning
2024-01-03 00:35,3,35,0.58,13.7,63.4,424,6,Warning
2024-01-03 00:36,3,36,0.6,14.2,64.3,448,4,Warning
2024-01-03 00:37,3,37,0.62,13.8,64.4,445,10,Warning
2024-01-03 00:38,3,38,0.63,13.8,65.1,444,7,Warning
2024-01-03 00:39,3,39,0.65,14.6,64.2,456,2,Warning
2024-01-03 00:40,3,40,0.67,14.0,63.0,470,10,Warning
2024-01-03 00:41,3,41,0.68,13.6,66.7,445,6,Warning
2024-01-03 00:42,3,42,0.7,14.0,65.6,438,9,Warning
2024-01-03 00:43,3,43,0.72,14.4,67.1,455,0,Warning
2024-01-03 00:44,3,44,0.73,13.9,64.1,458,10,Warning
2024-01-03 00:45,3,45,0.75,13.5,64.6,461,8,Warning
2024-01-03 00:46,3,46,0.77,14.2,63.9,474,5,Warning
2024-01-03 00:47,3,47,0.78,14.6,64.2,435,5,Warning
2024-01-03 00:48,3,48,0.8,13.6,63.5,437,7,Warning
2024-01-03 00:49,3,49,0.82,14.2,66.0,437,2,Warning
2024-01-03 00:50,3,50,0.83,15.0,65.3,443,5,Warning
2024-01-03 00:51,3,51,0.85,14.8,66.9,416,0,Warning
2024-01-03 00:52,3,52,0.87,14.7,66.0,453,7,Warning
2024-01-03 00:53,3,53,0.88,14.8,63.6,436,8,Warning
2024-01-03 00:54,3,54,0.9,13.7,66.4,466,0,Warning
2024-01-03 00:55,3,55,0.92,14.2,66.7,427,0,Warning
2024-01-03 00:56,3,56,0.93,14.1,66.2,453,6,Warning
2024-01-03 00:57,3,57,0.95,14.8,63.8,479,1,Warning
2024-01-03 00:58,3,58,0.97,14.7,64.9,441,3,Warning
2024-01-03 00:59,3,59,0.98,14.8,64.3,408,7,Warning
2024-01-03 01:00,3,60,1.0,15.0,65.4,428,5,Warning
2024-01-03 01:01,3,61,1.02,14.0,65.3,455,9,Warning
2024-01-03 01:02,3,62,1.03,14.0,63.6,440,4,Warning
2024-01-03 01:03,3,63,1.05,13.6,67.0,446,4,Warning
2024-01-03 01:04,3,64,1.07,15.1,64.2,461,7,Warning
2024-01-03 01:05,3,65,1.08,14.7,64.2,448,2,Warning
2024-01-03 01:06,3,66,1.1,14.6,67.0,426,0,Warning
2024-01-03 01:07,3,67,1.12,15.0,65.9,407,4,Warning
2024-01-03 01:08,3,68,1.13,14.2,65.6,476,6,Warning
2024-01-03 01:09,3,69,1.15,14.4,67.2,457,9,Warning
2024-01-03 01:10,3,70,1.17,15.0,64.9,449,10,Warning
2024-01-03 01:11,3,71,1.18,13.9,65.7,432,0,Warning
2024-01-03 01:12,3,72,1.2,14.8,63.9,424,3,Warning
2024-01-03 01:13,3,73,1.22,13.9,66.1,443,10,Warning
2024-01-03 01:14,3,74,1.23,14.0,65.7,468,0,Warning
2024-01-03 01:15,3,75,1.25,15.1,67.1,472,3,Warning
2024-01-03 01:16,3,76,1.27,14.9,65.2,441,1,Warning
2024-01-03 01:17,3,77,1.28,15.3,65.7,447,8,Warning
2024-01-03 01:18,3,78,1.3,15.2,67.6,438,8,Warning
2024-01-03 01:19,3,79,1.32,14.2,64.8,451,3,Warning
2024-01-03 01:20,3,80,1.33,14.9,65.6,440,4,Warning
2024-01-03 01:21,3,81,1.35,14.7,64.1,413,2,Warning
2024-01-03 01:22,3,82,1.37,14.7,64.0,448,9,Warning
2024-01-03 01:23,3,83,1.38,14.6,64.2,447,5,Warning
2024-01-03 01:24,3,84,1.4,15.1,64.1,451,1,Warning
2024-01-03 01:25,3,85,1.42,14.6,64.2,467,7,Warning
2024-01-03 01:26,3,86,1.43,14.4,63.9,428,7,Warning
2024-01-03 01:27,3,87,1.45,15.2,64.6,479,7,Warning
2024-01-03 01:28,3,88,1.47,15.5,64.9,437,7,Warning
2024-01-03 01:29,3,89,1.48,15.0,65.2,442,10,Warning
2024-01-03 01:30,3,90,1.5,14.4,67.3,429,10,Warning
2024-01-03 01:31,3,91,1.52,14.9,65.1,433,7,Warning
2024-01-03 01:32,3,92,1.53,14.0,67.5,456,2,Warning
2024-01-03 01:33,3,93,1.55,14.3,66.9,439,7,Warning
2024-01-03 01:34,3,94,1.57,14.6,66.6,453,1,Warning
2024-01-03 01:35,3,95,1.58,15.3,64.8,445,8,Warning
2024-01-03 01:36,3,96,1.6,14.8,66.7,459,9,Warning
2024-01-03 01:37,3,97,1.62,15.2,65.2,434,2,Warning
2024-01-03 01:38,3,98,1.63,15.5,66.4,440,7,Warning
2024-01-03 01:39,3,99,1.65,15.2,67.1,455,3,Warning
2024-01-03 01:40,3,100,1.67,15.6,65.8,461,5,Warning
2024-01-03 01:41,3,101,1.68,14.4,65.3,437,7,Warning
2024-01-03 01:42,3,102,1.7,14.7,66.2,438,6,Warning
2024-01-03 01:43,3,103,1.72,14.3,65.6,440,7,Warning
2024-01-03 01:44,3,104,1.73,15.4,64.0,448,10,Warning
2024-01-03 01:45,3,105,1.75,15.4,65.1,438,6,Warning
2024-01-03 01:46,3,106,1.77,15.5,65.3,439,3,Warning
2024-01-03 01:47,3,107,1.78,15.3,65.7,417,3,Warning
2024-01-03 01:48,3,108,1.8,14.5,66.9,484,7,Warning
2024-01-03 01:49,3,109,1.82,15.8,67.8,463,7,Warning
2024-01-03 01:50,3,110,1.83,14.7,67.9,432,1,Warning
2024-01-03 01:51,3,111,1.85,14.4,65.4,454,4,Warning
2024-01-03 01:52,3,112,1.87,14.5,64.5,457,6,Warning
2024-01-03 01:53,3,113,1.88,15.7,67.5,465,3,Warning
2024-01-03 01:54,3,114,1.9,15.3,65.7,450,10,Warning
2024-01-03 01:55,3,115,1.92,14.8,66.1,415,2,Warning
2024-01-03 01:56,3,116,1.93,15.7,64.3,459,5,Warning
2024-01-03 01:57,3,117,1.95,15.9,65.8,455,5,Warning
2024-01-03 01:58,3,118,1.97,15.2,65.8,432,4,Warning
2024-01-03 01:59,3,119,1.98,15.5,67.7,433,6,Warning
2024-01-03 02:00,3,120,2.0,15.2,65.9,435,0,Warning
2024-01-03 02:01,3,121,2.02,16.0,66.0,427,0,Warning
2024-01-03 02:02,3,122,2.03,16.1,67.5,450,7,Warning
2024-01-03 02:03,3,123,2.05,15.1,65.3,407,9,Warning
2024-01-03 02:04,3,124,2.07,14.8,66.2,415,8,Warning
2024-01-03 02:05,3,125,2.08,16.0,64.3,485,10,Warning
2024-01-03 02:06,3,126,2.1,16.3,67.0,465,4,Warning
2024-01-03 02:07,3,127,2.12,15.4,67.5,458,10,Warning
2024-01-03 02:08,3,128,2.13,15.2,64.7,457,8,Warning
2024-01-03 02:09,3,129,2.15,16.0,66.9,448,6,Warning
2024-01-03 02:10,3,130,2.17,15.7,64.0,442,0,Warning
2024-01-03 02:11,3,131,2.18,15.1,65.7,426,9,Warning
2024-01-03 02:12,3,132,2.2,15.9,65.3,434,9,Warning
2024-01-03 02:13,3,133,2.22,16.3,67.5,471,2,Warning
2024-01-03 02:14,3,134,2.23,15.2,64.6,421,0,Warning
2024-01-03 02:15,3,135,2.25,15.7,67.7,409,8,Warning
2024-01-03 02:16,3,136,2.27,15.5,64.2,457,10,Warning
2024-01-03 02:17,3,137,2.28,15.3,65.2,438,3,Warning
2024-01-03 02:18,3,138,2.3,16.5,64.8,425,7,Warning
2024-01-03 02:19,3,139,2.32,15.2,67.7,414,6,Warning
2024-01-03 02:20,3,140,2.33,15.1,65.7,433,9,Warning
2024-01-03 02:21,3,141,2.35,16.3,64.3,445,8,Warning
2024-01-03 02:22,3,142,2.37,15.3,67.0,437,9,Warning
2024-01-03 02:23,3,143,2.38,15.7,67.9,433,1,Warning
2024-01-03 02:24,3,144,2.4,16.4,65.4,419,7,Warning
2024-01-03 02:25,3,145,2.42,15.2,65.4,427,5,Warning
2024-01-03 02:26,3,146,2.43,15.7,65.1,422,3,Warning
2024-01-03 02:27,3,147,2.45,16.8,64.2,456,7,Warning
2024-01-03 02:28,3,148,2.47,15.2,67.7,456,0,Warning
2024-01-03 02:29,3,149,2.48,15.5,64.9,436,8,Warning
2024-01-03 02:30,3,150,2.5,15.5,66.6,441,9,Warning
2024-01-03 02:31,3,151,2.52,16.6,67.3,456,9,Warning
2024-01-03 02:32,3,152,2.53,16.0,64.5,441,2,Warning
2024-01-03 02:33,3,153,2.55,16.5,67.1,416,2,Warning
2024-01-03 02:34,3,154,2.57,15.4,64.6,443,4,Warning
2024-01-03 02:35,3,155,2.58,16.4,63.9,402,7,Warning
2024-01-03 02:36,3,156,2.6,15.5,67.3,447,8,Warning
2024-01-03 02:37,3,157,2.62,16.1,66.2,436,1,Warning
2024-01-03 02:38,3,158,2.63,15.5,67.4,408,1,Warning
2024-01-03 02:39,3,159,2.65,17.1,65.6,454,7,Warning
2024-01-03 02:40,3,160,2.67,15.8,66.2,450,7,Warning
2024-01-03 02:41,3,161,2.68,16.3,67.4,440,5,Warning
2024-01-03 02:42,3,162,2.7,17.1,66.4,435,9,Warning
2024-01-03 02:43,3,163,2.72,15.9,64.6,415,3,Warning
2024-01-03 02:44,3,164,2.73,16.7,66.7,453,9,Warning
2024-01-03 02:45,3,165,2.75,15.8,64.6,428,5,Warning
2024-01-03 02:46,3,166,2.77,16.8,65.5,462,9,Warning
2024-01-03 02:47,3,167,2.78,17.3,64.7,464,6,Warning
2024-01-03 02:48,3,168,2.8,16.4,64.2,438,6,Warning
2024-01-03 02:49,3,169,2.82,16.8,66.8,448,2,Warning
2024-01-03 02:50,3,170,2.83,16.8,67.0,436,5,Warning
2024-01-03 02:51,3,171,2.85,15.9,65.5,454,10,Warning
2024-01-03 02:52,3,172,2.87,17.3,67.5,433,7,Warning
2024-01-03 02:53,3,173,2.88,16.9,65.8,422,10,Warning
2024-01-03 02:54,3,174,2.9,17.2,67.3,427,4,Warning
2024-01-03 02:55,3,175,2.92,16.5,67.0,467,10,Warning
2024-01-03 02:56,3,176,2.93,16.2,66.9,454,1,Warning
2024-01-03 02:57,3,177,2.95,17.3,65.2,435,2,Warning
2024-01-03 02:58,3,178,2.97,16.2,67.4,448,8,Warning
2024-01-03 02:59,3,179,2.98,17.2,64.0,445,6,Warning
2024-01-03 03:00,3,180,3.0,17.0,67.2,480,2,Warning
2024-01-03 03:01,3,181,3.02,16.8,67.2,461,2,Warning
2024-01-03 03:02,3,182,3.03,17.5,64.3,422,8,Warning
2024-01-03 03:03,3,183,3.05,17.2,64.0,475,0,Warning
2024-01-03 03:04,3,184,3.07,17.5,64.8,444,2,Warning
2024-01-03 03:05,3,185,3.08,16.9,63.8,448,9,Warning
2024-01-03 03:06,3,186,3.1,16.7,67.1,469,9,Warning
2024-01-03 03:07,3,187,3.12,17.0,64.1,427,4,Warning
2024-01-03 03:08,3,188,3.13,17.0,65.4,451,7,Warning
2024-01-03 03:09,3,189,3.15,16.9,66.2,418,4,Warning
2024-01-03 03:10,3,190,3.17,17.6,65.9,449,9,Warning
2024-01-03 03:11,3,191,3.18,18.0,63.5,429,7,Warning
2024-01-03 03:12,3,192,3.2,17.8,66.3,455,6,Warning
2024-01-03 03:13,3,193,3.22,17.8,65.8,431,3,Warning
2024-01-03 03:14,3,194,3.23,17.9,63.5,465,2,Warning
2024-01-03 03:15,3,195,3.25,18.0,63.6,445,3,Warning
2024-01-03 03:16,3,196,3.27,17.3,65.8,438,10,Warning
2024-01-03 03:17,3,197,3.28,16.9,64.4,445,9,Warning
2024-01-03 03:18,3,198,3.3,17.5,65.7,421,8,Warning
2024-01-03 03:19,3,199,3.32,17.9,64.9,424,4,Warning
2024-01-03 03:20,3,200,3.33,18.3,63.2,457,1,Warning
2024-01-03 03:21,3,201,3.35,17.8,64.7,439,4,Warning
2024-01-03 03:22,3,202,3.37,17.2,63.4,487,9,Warning
2024-01-03 03:23,3,203,3.38,18.3,63.9,473,6,Warning
2024-01-03 03:24,3,204,3.4,17.6,65.5,460,4,Warning
2024-01-03 03:25,3,205,3.42,18.4,65.5,432,5,Warning
2024-01-03 03:26,3,206,3.43,17.1,63.3,455,9,Warning
2024-01-03 03:27,3,207,3.45,17.8,65.2,439,7,Warning
2024-01-03 03:28,3,208,3.47,17.9,66.2,451,10,Warning
2024-01-03 03:29,3,209,3.48,17.7,65.2,435,9,Warning
2024-01-03 03:30,3,210,3.5,17.3,66.6,448,10,Warning
2024-01-03 03:31,3,211,3.52,18.3,65.2,442,5,Warning
2024-01-03 03:32,3,212,3.53,18.2,64.5,456,0,Warning
2024-01-03 03:33,3,213,3.55,18.7,66.0,458,10,Warning
2024-01-03 03:34,3,214,3.57,18.7,63.5,449,5,Warning
2024-01-03 03:35,3,215,3.58,17.4,66.3,469,4,Warning
2024-01-03 03:36,3,216,3.6,17.9,65.3,432,4,Warning
2024-01-03 03:37,3,217,3.62,18.1,62.8,462,4,Warning
2024-01-03 03:38,3,218,3.63,18.6,63.2,462,10,Warning
2024-01-03 03:39,3,219,3.65,17.9,64.1,428,7,Warning
2024-01-03 03:40,3,220,3.67,18.8,63.8,444,5,Warning
2024-01-03 03:41,3,221,3.68,18.8,62.9,476,6,Warning
2024-01-03 03:42,3,222,3.7,18.0,64.4,433,3,Warning
2024-01-03 03:43,3,223,3.72,18.0,65.2,445,5,Warning
2024-01-03 03:44,3,224,3.73,18.8,66.2,423,3,Warning
2024-01-03 03:45,3,225,3.75,18.6,66.0,470,4,Warning
2024-01-03 03:46,3,226,3.77,18.9,64.5,423,3,Warning
2024-01-03 03:47,3,227,3.78,17.9,65.1,470,4,Warning
2024-01-03 03:48,3,228,3.8,18.0,63.6,425,6,Warning
2024-01-03 03:49,3,229,3.82,18.0,66.0,458,9,Warning
2024-01-03 03:50,3,230,3.83,18.7,62.5,477,0,Warning
2024-01-03 03:51,3,231,3.85,18.3,62.8,450,7,Warning
2024-01-03 03:52,3,232,3.87,18.3,64.9,424,7,Warning
2024-01-03 03:53,3,233,3.88,19.0,63.0,415,0,Warning
2024-01-03 03:54,3,234,3.9,19.3,64.0,456,8,Warning
2024-01-03 03:55,3,235,3.92,19.6,62.8,442,9,Warning
2024-01-03 03:56,3,236,3.93,18.7,64.3,469,4,Warning
2024-01-03 03:57,3,237,3.95,19.2,65.9,456,6,Warning
2024-01-03 03:58,3,238,3.97,18.7,65.5,466,8,Warning
2024-01-03 03:59,3,239,3.98,18.7,65.7,421,8,Warning
2024-01-03 04:00,3,240,4.0,19.1,62.2,477,7,Warning
2024-01-03 04:01,3,241,4.02,19.1,62.2,455,5,Warning
2024-01-03 04:02,3,242,4.03,19.4,64.4,441,7,Warning
2024-01-03 04:03,3,243,4.05,18.7,65.1,451,7,Warning
2024-01-03 04:04,3,244,4.07,19.3,62.0,450,8,Warning
2024-01-03 04:05,3,245,4.08,19.1,64.3,474,2,Warning
2024-01-03 04:06,3,246,4.1,18.5,63.1,464,9,Warning
2024-01-03 04:07,3,247,4.12,18.9,65.2,439,7,Warning
2024-01-03 04:08,3,248,4.13,19.2,64.6,431,3,Warning
2024-01-03 04:09,3,249,4.15,19.6,62.8,453,5,Warning
2024-01-03 04:10,3,250,4.17,19.0,64.7,451,2,Warning
2024-01-03 04:11,3,251,4.18,19.8,65.4,429,9,Warning
2024-01-03 04:12,3,252,4.2,18.7,64.4,433,9,Warning
2024-01-03 04:13,3,253,4.22,18.8,63.0,420,3,Warning
2024-01-03 04:14,3,254,4.23,20.3,64.4,460,0,Warning
2024-01-03 04:15,3,255,4.25,19.8,63.3,410,1,Warning
2024-01-03 04:16,3,256,4.27,20.3,63.6,471,6,Warning
2024-01-03 04:17,3,257,4.28,19.5,63.1,453,1,Warning
2024-01-03 04:18,3,258,4.3,19.4,61.9,437,7,Warning
2024-01-03 04:19,3,259,4.32,19.1,62.2,432,10,Warning
2024-01-03 04:20,3,260,4.33,20.0,62.5,470,4,Warning
2024-01-03 04:21,3,261,4.35,19.0,63.5,452,10,Warning
2024-01-03 04:22,3,262,4.37,19.7,61.7,481,0,Warning
2024-01-03 04:23,3,263,4.38,19.1,62.5,437,9,Warning
2024-01-03 04:24,3,264,4.4,19.7,61.2,448,9,Warning
2024-01-03 04:25,3,265,4.42,20.0,63.0,454,10,Warning
2024-01-03 04:26,3,266,4.43,20.7,63.3,456,2,Warning
2024-01-03 04:27,3,267,4.45,20.1,64.1,461,0,Warning
2024-01-03 04:28,3,268,4.47,20.8,64.3,446,4,Warning
2024-01-03 04:29,3,269,4.48,20.8,61.2,471,8,Warning
2024-01-03 04:30,3,270,4.5,19.6,61.1,418,9,Warning
2024-01-03 04:31,3,271,4.52,20.9,64.4,481,6,Warning
2024-01-03 04:32,3,272,4.53,20.7,64.4,437,5,Warning
2024-01-03 04:33,3,273,4.55,19.9,61.1,479,3,Warning
2024-01-03 04:34,3,274,4.57,20.8,60.7,432,10,Warning
2024-01-03 04:35,3,275,4.58,20.7,63.8,437,1,Warning
2024-01-03 04:36,3,276,4.6,20.7,61.7,462,8,Warning
2024-01-03 04:37,3,277,4.62,20.5,63.4,450,5,Warning
2024-01-03 04:38,3,278,4.63,19.9,63.4,454,6,Warning
2024-01-03 04:39,3,279,4.65,20.4,61.8,455,1,Warning
2024-01-03 04:40,3,280,4.67,20.3,62.2,450,4,Warning
2024-01-03 04:41,3,281,4.68,21.1,63.0,428,3,Warning
2024-01-03 04:42,3,282,4.7,21.4,61.4,465,8,Warning
2024-01-03 04:43,3,283,4.72,20.2,61.4,403,0,Warning
2024-01-03 04:44,3,284,4.73,21.5,61.6,451,0,Warning
2024-01-03 04:45,3,285,4.75,21.3,62.8,453,8,Warning
2024-01-03 04:46,3,286,4.77,21.4,62.0,436,3,Warning
2024-01-03 04:47,3,287,4.78,20.2,63.7,464,1,Warning
2024-01-03 04:48,3,288,4.8,21.3,61.9,467,0,Warning
2024-01-03 04:49,3,289,4.82,20.2,61.4,452,4,Warning
2024-01-03 04:50,3,290,4.83,20.2,60.8,461,2,Warning
2024-01-03 04:51,3,291,4.85,21.8,63.1,443,0,Warning
2024-01-03 04:52,3,292,4.87,20.5,62.1,447,6,Warning
2024-01-03 04:53,3,293,4.88,21.4,62.5,464,3,Warning
2024-01-03 04:54,3,294,4.9,21.9,62.2,471,0,Warning
2024-01-03 04:55,3,295,4.92,21.1,61.2,425,7,Warning
2024-01-03 04:56,3,296,4.93,20.8,59.6,436,7,Normal
2024-01-03 04:57,3,297,4.95,20.7,62.2,410,1,Warning
2024-01-03 04:58,3,298,4.97,20.8,62.6,437,5,Warning
2024-01-03 04:59,3,299,4.98,20.8,62.3,472,4,Warning
2024-01-03 05:00,3,300,5.0,21.5,60.5,434,1,Warning
2024-01-03 05:01,3,301,5.02,21.3,62.8,415,8,Warning
2024-01-03 05:02,3,302,5.03,22.1,60.0,427,7,Warning
2024-01-03 05:03,3,303,5.05,21.5,59.6,425,2,Normal
2024-01-03 05:04,3,304,5.07,20.9,61.9,430,9,Warning
2024-01-03 05:05,3,305,5.08,21.4,62.0,424,10,Warning
2024-01-03 05:06,3,306,5.1,22.4,62.1,422,5,Warning
2024-01-03 05:07,3,307,5.12,21.0,59.0,423,2,Normal
2024-01-03 05:08,3,308,5.13,21.5,59.7,457,6,Normal
2024-01-03 05:09,3,309,5.15,21.2,60.0,414,10,Warning
2024-01-03 05:10,3,310,5.17,21.3,61.4,449,1,Warning
2024-01-03 05:11,3,311,5.18,22.4,61.2,424,2,Warning
2024-01-03 05:12,3,312,5.2,22.0,60.0,409,6,Warning
2024-01-03 05:13,3,313,5.22,22.0,58.7,456,5,Normal
2024-01-03 05:14,3,314,5.23,21.3,62.2,434,6,Warning
2024-01-03 05:15,3,315,5.25,21.3,58.8,455,1,Normal
2024-01-03 05:16,3,316,5.27,22.7,61.5,435,1,Warning
2024-01-03 05:17,3,317,5.28,21.4,61.7,459,10,Warning
2024-01-03 05:18,3,318,5.3,22.0,61.1,434,10,Warning
2024-01-03 05:19,3,319,5.32,22.2,59.3,489,7,Normal
2024-01-03 05:20,3,320,5.33,22.2,61.9,445,3,Warning
2024-01-03 05:21,3,321,5.35,21.7,60.8,432,4,Warning
2024-01-03 05:22,3,322,5.37,23.0,59.6,420,2,Normal
2024-01-03 05:23,3,323,5.38,21.7,59.8,457,6,Normal
2024-01-03 05:24,3,324,5.4,21.8,60.6,435,6,Warning
2024-01-03 05:25,3,325,5.42,23.1,59.9,446,7,Normal
2024-01-03 05:26,3,326,5.43,22.3,59.3,452,3,Normal
2024-01-03 05:27,3,327,5.45,22.2,60.8,467,5,Warning
2024-01-03 05:28,3,328,5.47,23.2,60.0,464,5,Warning
2024-01-03 05:29,3,329,5.48,22.9,58.6,413,8,Normal
2024-01-03 05:30,3,330,5.5,22.9,58.9,480,6,Normal
2024-01-03 05:31,3,331,5.52,22.0,58.6,437,10,Normal
2024-01-03 05:32,3,332,5.53,22.6,59.7,437,0,Normal
2024-01-03 05:33,3,333,5.55,23.1,59.1,450,10,Normal
2024-01-03 05:34,3,334,5.57,23.0,58.1,432,2,Normal
2024-01-03 05:35,3,335,5.58,22.8,59.3,451,7,Normal
2024-01-03 05:36,3,336,5.6,22.7,61.1,470,0,Warning
2024-01-03 05:37,3,337,5.62,23.3,60.5,404,0,Warning
2024-01-03 05:38,3,338,5.63,22.8,57.7,468,3,Normal
2024-01-03 05:39,3,339,5.65,23.5,61.1,419,5,Warning
2024-01-03 05:40,3,340,5.67,23.3,58.4,473,7,Normal
2024-01-03 05:41,3,341,5.68,22.9,57.8,450,2,Normal
2024-01-03 05:42,3,342,5.7,23.9,57.7,454,9,Normal
2024-01-03 05:43,3,343,5.72,23.1,59.3,448,3,Normal
2024-01-03 05:44,3,344,5.73,24.1,59.6,435,1,Normal
2024-01-03 05:45,3,345,5.75,23.8,57.4,443,7,Normal
2024-01-03 05:46,3,346,5.77,22.9,56.9,457,7,Normal
2024-01-03 05:47,3,347,5.78,23.6,57.5,475,10,Normal
2024-01-03 05:48,3,348,5.8,23.6,60.3,472,1,Warning
2024-01-03 05:49,3,349,5.82,23.0,59.2,442,1,Normal
2024-01-03 05:50,3,350,5.83,24.4,59.8,473,5,Normal
2024-01-03 05:51,3,351,5.85,23.3,59.7,461,9,Normal
2024-01-03 05:52,3,352,5.87,24.4,58.5,468,6,Normal
2024-01-03 05:53,3,353,5.88,24.5,57.9,444,4,Normal
2024-01-03 05:54,3,354,5.9,24.5,60.0,421,2,Warning
2024-01-03 05:55,3,355,5.92,23.1,57.3,443,6,Normal
2024-01-03 05:56,3,356,5.93,23.6,57.3,478,10,Normal
2024-01-03 05:57,3,357,5.95,23.2,58.4,445,0,Normal
2024-01-03 05:58,3,358,5.97,24.3,56.2,449,6,Normal
2024-01-03 05:59,3,359,5.98,23.8,58.8,437,5,Normal
2024-01-03 06:00,3,360,6.0,23.8,58.1,476,0,Normal
2024-01-03 06:01,3,361,6.02,24.4,56.5,433,7,Normal
2024-01-03 06:02,3,362,6.03,23.6,57.0,432,33,Normal
2024-01-03 06:03,3,363,6.05,24.4,59.0,477,34,Normal
2024-01-03 06:04,3,364,6.07,23.6,59.0,446,0,Normal
2024-01-03 06:05,3,365,6.08,23.5,57.2,422,32,Normal
2024-01-03 06:06,3,366,6.1,23.6,55.9,457,40,Normal
2024-01-03 06:07,3,367,6.12,25.0,55.9,458,28,Normal
2024-01-03 06:08,3,368,6.13,24.9,58.7,412,0,Normal
2024-01-03 06:09,3,369,6.15,24.7,56.2,442,4,Normal
2024-01-03 06:10,3,370,6.17,23.8,59.2,414,9,Normal
2024-01-03 06:11,3,371,6.18,23.8,55.6,449,10,Normal
2024-01-03 06:12,3,372,6.2,24.5,56.1,487,46,Normal
2024-01-03 06:13,3,373,6.22,24.1,56.4,436,32,Normal
2024-01-03 06:14,3,374,6.23,24.1,55.2,420,22,Normal
2024-01-03 06:15,3,375,6.25,24.1,57.2,455,53,Normal
2024-01-03 06:16,3,376,6.27,25.1,55.8,456,21,Normal
2024-01-03 06:17,3,377,6.28,24.6,58.3,440,46,Normal
2024-01-03 06:18,3,378,6.3,25.0,55.8,434,64,Normal
2024-01-03 06:19,3,379,6.32,24.4,54.9,460,37,Normal
2024-01-03 06:20,3,380,6.33,25.3,55.0,425,79,Normal
2024-01-03 06:21,3,381,6.35,25.3,57.2,445,67,Normal
2024-01-03 06:22,3,382,6.37,25.4,57.5,405,47,Normal
2024-01-03 06:23,3,383,6.38,25.1,58.2,456,73,Normal
2024-01-03 06:24,3,384,6.4,25.8,56.8,456,60,Normal
2024-01-03 06:25,3,385,6.42,24.9,57.7,437,83,Normal
2024-01-03 06:26,3,386,6.43,25.1,56.6,451,74,Normal
2024-01-03 06:27,3,387,6.45,24.6,57.1,449,60,Normal
2024-01-03 06:28,3,388,6.47,25.9,57.6,477,98,Normal
2024-01-03 06:29,3,389,6.48,25.9,56.0,431,71,Normal
2024-01-03 06:30,3,390,6.5,26.0,57.6,463,103,Normal
2024-01-03 06:31,3,391,6.52,25.6,55.7,411,59,Normal
2024-01-03 06:32,3,392,6.53,25.5,54.7,429,83,Normal
2024-01-03 06:33,3,393,6.55,24.9,55.3,426,66,Normal
2024-01-03 06:34,3,394,6.57,25.2,57.7,441,70,Normal
2024-01-03 06:35,3,395,6.58,25.5,56.7,431,92,Normal
2024-01-03 06:36,3,396,6.6,26.3,54.0,452,123,Normal
2024-01-03 06:37,3,397,6.62,25.3,55.6,429,99,Normal
2024-01-03 06:38,3,398,6.63,26.4,56.8,420,88,Normal
2024-01-03 06:39,3,399,6.65,25.9,54.9,454,98,Normal
2024-01-03 06:40,3,400,6.67,25.9,55.9,447,120,Normal
2024-01-03 06:41,3,401,6.68,25.6,56.2,442,106,Normal
2024-01-03 06:42,3,402,6.7,25.1,55.1,433,139,Normal
2024-01-03 06:43,3,403,6.72,25.6,54.2,463,121,Normal
2024-01-03 06:44,3,404,6.73,26.6,57.1,474,105,Normal
2024-01-03 06:45,3,405,6.75,26.1,54.5,417,107,Normal
2024-01-03 06:46,3,406,6.77,26.4,55.4,482,128,Normal
2024-01-03 06:47,3,407,6.78,25.6,56.3,454,148,Normal
2024-01-03 06:48,3,408,6.8,25.3,55.0,413,133,Normal
2024-01-03 06:49,3,409,6.82,25.8,55.0,440,101,Normal
2024-01-03 06:50,3,410,6.83,26.1,55.9,456,144,Normal
2024-01-03 06:51,3,411,6.85,25.6,56.1,417,116,Normal
2024-01-03 06:52,3,412,6.87,26.5,54.0,471,139,Normal
2024-01-03 06:53,3,413,6.88,25.7,53.7,436,145,Normal
2024-01-03 06:54,3,414,6.9,26.9,53.3,452,169,Normal
2024-01-03 06:55,3,415,6.92,26.5,53.0,448,145,Normal
2024-01-03 06:56,3,416,6.93,26.9,53.5,466,159,Normal
2024-01-03 06:57,3,417,6.95,27.0,52.4,422,135,Normal
2024-01-03 06:58,3,418,6.97,25.7,54.9,443,143,Normal
2024-01-03 06:59,3,419,6.98,26.5,55.8,447,146,Normal
2024-01-03 07:00,3,420,7.0,26.7,54.5,443,184,Normal
2024-01-03 07:01,3,421,7.02,26.3,53.2,464,145,Normal
2024-01-03 07:02,3,422,7.03,26.1,52.5,454,133,Normal
2024-01-03 07:03,3,423,7.05,27.3,54.1,438,185,Normal
2024-01-03 07:04,3,424,7.07,27.1,54.1,451,160,Normal
2024-01-03 07:05,3,425,7.08,26.3,54.3,456,157,Normal
2024-01-03 07:06,3,426,7.1,26.9,54.0,447,186,Normal
2024-01-03 07:07,3,427,7.12,27.2,52.2,407,150,Normal
2024-01-03 07:08,3,428,7.13,26.4,53.7,462,150,Normal
2024-01-03 07:09,3,429,7.15,27.4,55.4,442,168,Normal
2024-01-03 07:10,3,430,7.17,27.4,53.4,460,176,Normal
2024-01-03 07:11,3,431,7.18,27.3,53.0,412,204,Normal
2024-01-03 07:12,3,432,7.2,26.6,52.0,454,169,Normal
2024-01-03 07:13,3,433,7.22,26.7,53.8,430,198,Normal
2024-01-03 07:14,3,434,7.23,27.7,52.1,416,208,Normal
2024-01-03 07:15,3,435,7.25,26.8,51.7,475,182,Normal
2024-01-03 07:16,3,436,7.27,27.0,54.1,434,197,Normal
2024-01-03 07:17,3,437,7.28,27.7,53.0,459,202,Normal
2024-01-03 07:18,3,438,7.3,26.6,51.7,415,207,Normal
2024-01-03 07:19,3,439,7.32,27.4,52.2,427,204,Normal
2024-01-03 07:20,3,440,7.33,28.1,51.4,444,175,Normal
2024-01-03 07:21,3,441,7.35,28.1,53.7,449,200,Normal
2024-01-03 07:22,3,442,7.37,27.5,51.3,448,196,Normal
2024-01-03 07:23,3,443,7.38,27.3,51.9,420,223,Normal
2024-01-03 07:24,3,444,7.4,27.2,50.6,462,234,Normal
2024-01-03 07:25,3,445,7.42,27.5,51.2,408,234,Normal
2024-01-03 07:26,3,446,7.43,28.4,51.2,456,242,Normal
2024-01-03 07:27,3,447,7.45,28.0,51.2,448,215,Normal
2024-01-03 07:28,3,448,7.47,27.7,52.8,427,207,Normal
2024-01-03 07:29,3,449,7.48,27.8,51.4,421,252,Normal
2024-01-03 07:30,3,450,7.5,27.6,52.1,455,228,Normal
2024-01-03 07:31,3,451,7.52,28.6,52.4,439,232,Normal
2024-01-03 07:32,3,452,7.53,28.0,51.1,464,208,Normal
2024-01-03 07:33,3,453,7.55,28.1,53.4,481,209,Normal
2024-01-03 07:34,3,454,7.57,28.6,53.6,465,237,Normal
2024-01-03 07:35,3,455,7.58,27.8,52.0,410,234,Normal
2024-01-03 07:36,3,456,7.6,27.6,50.4,444,218,Normal
2024-01-03 07:37,3,457,7.62,27.8,52.2,416,273,Normal
2024-01-03 07:38,3,458,7.63,27.5,50.1,435,225,Normal
2024-01-03 07:39,3,459,7.65,28.9,52.4,435,277,Normal
2024-01-03 07:40,3,460,7.67,28.9,51.3,405,269,Normal
2024-01-03 07:41,3,461,7.68,27.8,52.8,463,242,Normal
2024-01-03 07:42,3,462,7.7,27.9,52.1,432,241,Normal
2024-01-03 07:43,3,463,7.72,27.6,51.9,432,257,Normal
2024-01-03 07:44,3,464,7.73,28.9,50.8,484,290,Normal
2024-01-03 07:45,3,465,7.75,27.7,49.3,455,280,Normal
2024-01-03 07:46,3,466,7.77,28.1,50.9,441,279,Normal
2024-01-03 07:47,3,467,7.78,28.1,52.4,439,291,Normal
2024-01-03 07:48,3,468,7.8,27.7,51.4,470,277,Normal
2024-01-03 07:49,3,469,7.82,29.3,50.7,414,262,Normal
2024-01-03 07:50,3,470,7.83,28.4,51.1,452,281,Normal
2024-01-03 07:51,3,471,7.85,28.1,51.3,453,283,Normal
2024-01-03 07:52,3,472,7.87,28.1,51.5,428,288,Normal
2024-01-03 07:53,3,473,7.88,28.6,50.4,435,262,Normal
2024-01-03 07:54,3,474,7.9,29.3,51.4,458,282,Normal
2024-01-03 07:55,3,475,7.92,28.6,50.1,438,279,Normal
2024-01-03 07:56,3,476,7.93,29.5,50.9,456,315,Normal
2024-01-03 07:57,3,477,7.95,29.2,51.8,457,272,Normal
2024-01-03 07:58,3,478,7.97,29.1,50.3,451,319,Normal
2024-01-03 07:59,3,479,7.98,29.4,48.6,453,319,Normal
2024-01-03 08:00,3,480,8.0,29.3,48.3,706,325,Normal
2024-01-03 08:01,3,481,8.02,28.4,49.9,683,305,Normal
2024-01-03 08:02,3,482,8.03,28.4,47.9,717,316,Normal
2024-01-03 08:03,3,483,8.05,29.8,50.7,704,307,Normal
2024-01-03 08:04,3,484,8.07,28.5,50.6,707,314,Normal
2024-01-03 08:05,3,485,8.08,29.9,49.7,710,295,Normal
2024-01-03 08:06,3,486,8.1,29.3,50.6,692,297,Normal
2024-01-03 08:07,3,487,8.12,29.5,49.3,699,330,Normal
2024-01-03 08:08,3,488,8.13,28.5,50.6,720,338,Normal
2024-01-03 08:09,3,489,8.15,28.7,47.9,694,334,Normal
2024-01-03 08:10,3,490,8.17,30.1,48.3,716,311,Warning
2024-01-03 08:11,3,491,8.18,29.9,49.4,698,354,Normal
2024-01-03 08:12,3,492,8.2,29.9,47.3,694,314,Normal
2024-01-03 08:13,3,493,8.22,28.9,47.8,698,302,Normal
2024-01-03 08:14,3,494,8.23,29.1,50.8,722,361,Normal
2024-01-03 08:15,3,495,8.25,29.3,48.6,734,322,Normal
2024-01-03 08:16,3,496,8.27,29.3,48.4,716,332,Normal
2024-01-03 08:17,3,497,8.28,29.8,50.5,739,346,Normal
2024-01-03 08:18,3,498,8.3,29.8,49.5,702,340,Normal
2024-01-03 08:19,3,499,8.32,29.4,46.8,731,366,Normal
2024-01-03 08:20,3,500,8.33,30.2,49.6,708,341,Warning
2024-01-03 08:21,3,501,8.35,30.1,49.0,725,376,Warning
2024-01-03 08:22,3,502,8.37,30.6,48.4,705,342,Warning
2024-01-03 08:23,3,503,8.38,29.1,48.3,710,350,Normal
2024-01-03 08:24,3,504,8.4,29.5,46.7,721,368,Normal
2024-01-03 08:25,3,505,8.42,30.4,48.8,714,353,Warning
2024-01-03 08:26,3,506,8.43,29.8,47.5,747,356,Normal
2024-01-03 08:27,3,507,8.45,29.2,47.4,738,341,Normal
2024-01-03 08:28,3,508,8.47,30.2,46.4,719,368,Warning
2024-01-03 08:29,3,509,8.48,30.6,49.1,744,361,Warning
2024-01-03 08:30,3,510,8.5,29.4,46.6,730,379,Normal
2024-01-03 08:31,3,511,8.52,30.2,49.0,748,378,Warning
2024-01-03 08:32,3,512,8.53,30.5,46.8,722,383,Warning
2024-01-03 08:33,3,513,8.55,30.2,46.4,744,359,Warning
2024-01-03 08:34,3,514,8.57,30.8,45.8,756,364,Warning
2024-01-03 08:35,3,515,8.58,30.1,48.3,723,357,Warning
2024-01-03 08:36,3,516,8.6,30.3,46.5,744,396,Warning
2024-01-03 08:37,3,517,8.62,30.7,48.0,732,398,Warning
2024-01-03 08:38,3,518,8.63,30.2,46.6,736,372,Warning
2024-01-03 08:39,3,519,8.65,31.0,47.6,754,367,Warning
2024-01-03 08:40,3,520,8.67,30.8,48.5,731,361,Warning
2024-01-03 08:41,3,521,8.68,29.9,45.7,763,393,Normal
2024-01-03 08:42,3,522,8.7,29.7,47.1,753,360,Normal
2024-01-03 08:43,3,523,8.72,30.9,48.6,751,401,Warning
2024-01-03 08:44,3,524,8.73,30.6,46.6,731,380,Warning
2024-01-03 08:45,3,525,8.75,30.5,47.7,734,369,Warning
2024-01-03 08:46,3,526,8.77,30.0,48.3,753,397,Warning
2024-01-03 08:47,3,527,8.78,30.5,48.4,740,376,Warning
2024-01-03 08:48,3,528,8.8,29.9,45.0,744,413,Normal
2024-01-03 08:49,3,529,8.82,30.2,47.2,768,396,Warning
2024-01-03 08:50,3,530,8.83,30.8,46.4,746,412,Warning
2024-01-03 08:51,3,531,8.85,30.6,46.7,750,389,Warning
2024-01-03 08:52,3,532,8.87,30.3,44.9,762,379,Warning
2024-01-03 08:53,3,533,8.88,30.6,46.4,739,388,Warning
2024-01-03 08:54,3,534,8.9,30.9,45.3,773,383,Warning
2024-01-03 08:55,3,535,8.92,30.6,47.4,761,442,Warning
2024-01-03 08:56,3,536,8.93,30.5,46.1,755,398,Warning
2024-01-03 08:57,3,537,8.95,31.2,46.0,756,394,Warning
2024-01-03 08:58,3,538,8.97,30.5,46.2,784,424,Warning
2024-01-03 08:59,3,539,8.98,31.6,44.2,753,446,Warning
2024-01-03 09:00,3,540,9.0,31.1,47.3,750,424,Warning
2024-01-03 09:01,3,541,9.02,31.1,47.7,783,406,Warning
2024-01-03 09:02,3,542,9.03,30.7,46.7,788,420,Warning
2024-01-03 09:03,3,543,9.05,31.9,47.0,776,402,Warning
2024-01-03 09:04,3,544,9.07,31.6,43.8,771,450,Warning
2024-01-03 09:05,3,545,9.08,31.1,44.3,775,428,Warning
2024-01-03 09:06,3,546,9.1,31.2,46.8,767,452,Warning
2024-01-03 09:07,3,547,9.12,31.9,45.3,786,463,Warning
2024-01-03 09:08,3,548,9.13,31.2,46.8,795,418,Warning
2024-01-03 09:09,3,549,9.15,30.9,45.3,787,459,Warning
2024-01-03 09:10,3,550,9.17,30.7,45.6,783,416,Warning
2024-01-03 09:11,3,551,9.18,31.5,45.9,767,463,Warning
2024-01-03 09:12,3,552,9.2,31.7,44.5,784,432,Warning
2024-01-03 09:13,3,553,9.22,31.4,46.2,781,436,Warning
2024-01-03 09:14,3,554,9.23,32.0,45.3,780,473,Warning
2024-01-03 09:15,3,555,9.25,32.2,44.9,787,469,Warning
2024-01-03 09:16,3,556,9.27,32.1,45.5,799,481,Warning
2024-01-03 09:17,3,557,9.28,31.9,45.1,801,432,Warning
2024-01-03 09:18,3,558,9.3,31.6,43.0,797,447,Warning
2024-01-03 09:19,3,559,9.32,31.7,45.1,771,443,Warning
2024-01-03 09:20,3,560,9.33,31.9,46.3,786,467,Warning
2024-01-03 09:21,3,561,9.35,31.7,43.7,789,489,Warning
2024-01-03 09:22,3,562,9.37,31.3,43.2,789,444,Warning
2024-01-03 09:23,3,563,9.38,32.3,44.4,797,451,Warning
2024-01-03 09:24,3,564,9.4,31.4,44.0,784,485,Warning
2024-01-03 09:25,3,565,9.42,32.0,45.3,791,449,Warning
2024-01-03 09:26,3,566,9.43,32.1,43.6,808,474,Warning
2024-01-03 09:27,3,567,9.45,31.6,45.3,812,474,Warning
2024-01-03 09:28,3,568,9.47,31.4,44.9,794,482,Warning
2024-01-03 09:29,3,569,9.48,31.5,44.3,818,497,Warning
2024-01-03 09:30,3,570,9.5,31.7,45.4,810,469,Warning
2024-01-03 09:31,3,571,9.52,31.6,43.7,797,506,Warning
2024-01-03 09:32,3,572,9.53,32.1,43.9,790,465,Warning
2024-01-03 09:33,3,573,9.55,32.2,42.7,806,502,Warning
2024-01-03 09:34,3,574,9.57,32.1,43.2,787,464,Warning
2024-01-03 09:35,3,575,9.58,32.6,42.6,815,482,Warning
2024-01-03 09:36,3,576,9.6,32.8,43.7,802,487,Warning
2024-01-03 09:37,3,577,9.62,32.2,42.2,789,483,Warning
2024-01-03 09:38,3,578,9.63,32.3,43.3,793,488,Warning
2024-01-03 09:39,3,579,9.65,32.1,42.6,796,470,Warning
2024-01-03 09:40,3,580,9.67,31.6,44.3,792,463,Warning
2024-01-03 09:41,3,581,9.68,32.8,42.3,825,496,Warning
2024-01-03 09:42,3,582,9.7,31.9,44.2,818,477,Warning
2024-01-03 09:43,3,583,9.72,31.5,43.7,795,465,Warning
2024-01-03 09:44,3,584,9.73,31.7,44.9,810,485,Warning
2024-01-03 09:45,3,585,9.75,32.2,41.8,833,506,Warning
2024-01-03 09:46,3,586,9.77,32.5,41.9,830,492,Warning
2024-01-03 09:47,3,587,9.78,32.9,41.4,831,508,Warning
2024-01-03 09:48,3,588,9.8,32.1,41.6,821,486,Warning
2024-01-03 09:49,3,589,9.82,32.5,40.7,808,479,Warning
2024-01-03 09:50,3,590,9.83,32.5,43.1,816,527,Warning
2024-01-03 09:51,3,591,9.85,32.4,40.9,826,491,Warning
2024-01-03 09:52,3,592,9.87,32.1,42.9,813,536,Warning
2024-01-03 09:53,3,593,9.88,32.1,40.9,818,522,Warning
2024-01-03 09:54,3,594,9.9,32.2,42.7,842,535,Warning
2024-01-03 09:55,3,595,9.92,32.4,41.2,811,536,Warning
2024-01-03 09:56,3,596,9.93,31.9,43.1,834,493,Warning
2024-01-03 09:57,3,597,9.95,33.0,41.7,846,533,Warning
2024-01-03 09:58,3,598,9.97,32.4,42.3,825,499,Warning
2024-01-03 09:59,3,599,9.98,33.2,42.0,842,509,Warning
2024-01-03 10:00,3,600,10.0,32.4,42.0,849,513,Warning
2024-01-03 10:01,3,601,10.02,33.2,42.4,834,499,Warning
2024-01-03 10:02,3,602,10.03,33.0,42.3,836,502,Warning
2024-01-03 10:03,3,603,10.05,33.2,40.6,833,515,Warning
2024-01-03 10:04,3,604,10.07,32.6,40.8,832,551,Warning
2024-01-03 10:05,3,605,10.08,32.3,42.1,845,497,Warning
2024-01-03 10:06,3,606,10.1,33.1,41.9,820,525,Warning
2024-01-03 10:07,3,607,10.12,33.1,39.7,853,520,Warning
2024-01-03 10:08,3,608,10.13,32.6,39.6,845,545,Warning
2024-01-03 10:09,3,609,10.15,32.8,41.2,846,516,Warning
2024-01-03 10:10,3,610,10.17,32.6,40.5,836,532,Warning
2024-01-03 10:11,3,611,10.18,32.3,40.2,858,544,Warning
2024-01-03 10:12,3,612,10.2,32.9,41.4,834,558,Warning
2024-01-03 10:13,3,613,10.22,32.2,40.8,826,553,Warning
2024-01-03 10:14,3,614,10.23,32.5,42.0,834,511,Warning
2024-01-03 10:15,3,615,10.25,33.2,41.3,841,513,Warning
2024-01-03 10:16,3,616,10.27,33.0,40.1,835,527,Warning
2024-01-03 10:17,3,617,10.28,32.4,40.7,838,524,Warning
2024-01-03 10:18,3,618,10.3,32.9,39.6,832,525,Warning
2024-01-03 10:19,3,619,10.32,33.6,41.4,865,553,Warning
2024-01-03 10:20,3,620,10.33,33.5,42.3,841,531,Warning
2024-01-03 10:21,3,621,10.35,33.2,42.5,840,529,Warning
2024-01-03 10:22,3,622,10.37,32.3,42.6,869,560,Warning
2024-01-03 10:23,3,623,10.38,32.4,41.7,849,569,Warning
2024-01-03 10:24,3,624,10.4,33.6,40.7,862,553,Warning
2024-01-03 10:25,3,625,10.42,33.6,41.4,843,553,Warning
2024-01-03 10:26,3,626,10.43,33.9,39.5,835,540,Warning
2024-01-03 10:27,3,627,10.45,33.8,41.5,868,573,Warning
2024-01-03 10:28,3,628,10.47,32.4,40.4,840,547,Warning
2024-01-03 10:29,3,629,10.48,32.6,38.5,847,577,Warning
2024-01-03 10:30,3,630,10.5,32.7,41.7,862,560,Warning
2024-01-03 10:31,3,631,10.52,33.7,40.1,869,536,Warning
2024-01-03 10:32,3,632,10.53,33.6,41.0,851,566,Warning
2024-01-03 10:33,3,633,10.55,33.5,38.3,866,535,Warning
2024-01-03 10:34,3,634,10.57,32.5,39.9,874,571,Warning
2024-01-03 10:35,3,635,10.58,33.7,40.2,869,585,Warning
2024-01-03 10:36,3,636,10.6,33.4,41.8,878,552,Warning
2024-01-03 10:37,3,637,10.62,33.8,40.2,871,579,Warning
2024-01-03 10:38,3,638,10.63,33.0,41.6,857,564,Warning
2024-01-03 10:39,3,639,10.65,34.0,38.3,850,545,Warning
2024-01-03 10:40,3,640,10.67,32.7,41.7,867,540,Warning
2024-01-03 10:41,3,641,10.68,33.6,39.3,873,553,Warning
2024-01-03 10:42,3,642,10.7,33.2,38.9,862,583,Warning
2024-01-03 10:43,3,643,10.72,32.7,39.3,891,584,Warning
2024-01-03 10:44,3,644,10.73,32.9,41.0,860,578,Warning
2024-01-03 10:45,3,645,10.75,33.9,39.0,862,539,Warning
2024-01-03 10:46,3,646,10.77,34.1,41.0,870,569,Warning
2024-01-03 10:47,3,647,10.78,33.3,40.2,878,595,Warning
2024-01-03 10:48,3,648,10.8,33.0,37.8,859,555,Warning
2024-01-03 10:49,3,649,10.82,34.2,40.8,863,559,Warning
2024-01-03 10:50,3,650,10.83,33.3,38.6,882,598,Warning
2024-01-03 10:51,3,651,10.85,33.8,38.9,897,561,Warning
2024-01-03 10:52,3,652,10.87,33.3,39.1,889,545,Warning
2024-01-03 10:53,3,653,10.88,34.3,40.5,890,548,Warning
2024-01-03 10:54,3,654,10.9,33.4,37.8,893,555,Warning
2024-01-03 10:55,3,655,10.92,32.8,37.3,897,563,Warning
2024-01-03 10:56,3,656,10.93,32.9,38.9,903,579,Warning
2024-01-03 10:57,3,657,10.95,33.4,38.6,885,598,Warning
2024-01-03 10:58,3,658,10.97,33.8,38.2,885,566,Warning
2024-01-03 10:59,3,659,10.98,33.4,39.9,903,555,Warning
2024-01-03 11:00,3,660,11.0,34.3,39.7,894,597,Warning
2024-01-03 11:01,3,661,11.02,33.7,39.3,902,596,Warning
2024-01-03 11:02,3,662,11.03,34.1,38.6,877,609,Warning
2024-01-03 11:03,3,663,11.05,34.2,37.9,897,597,Warning
2024-01-03 11:04,3,664,11.07,34.1,37.6,879,600,Warning
2024-01-03 11:05,3,665,11.08,34.4,36.8,895,569,Warning
2024-01-03 11:06,3,666,11.1,33.6,36.6,891,553,Warning
2024-01-03 11:07,3,667,11.12,34.5,37.1,909,566,Warning
2024-01-03 11:08,3,668,11.13,33.6,39.6,882,581,Warning
2024-01-03 11:09,3,669,11.15,33.8,37.3,887,555,Warning
2024-01-03 11:10,3,670,11.17,34.5,36.9,877,571,Warning
2024-01-03 11:11,3,671,11.18,34.1,39.3,890,585,Warning
2024-01-03 11:12,3,672,11.2,34.4,36.8,908,563,Warning
2024-01-03 11:13,3,673,11.22,33.1,37.9,899,596,Warning
2024-01-03 11:14,3,674,11.23,34.2,37.5,909,573,Warning
2024-01-03 11:15,3,675,11.25,33.9,38.2,900,598,Warning
2024-01-03 11:16,3,676,11.27,34.1,38.0,917,591,Warning
2024-01-03 11:17,3,677,11.28,34.1,39.1,896,573,Warning
2024-01-03 11:18,3,678,11.3,34.3,37.6,899,580,Warning
2024-01-03 11:19,3,679,11.32,34.5,37.0,908,563,Warning
2024-01-03 11:20,3,680,11.33,34.6,36.9,900,566,Warning
2024-01-03 11:21,3,681,11.35,34.4,37.9,898,617,Warning
2024-01-03 11:22,3,682,11.37,34.6,37.5,894,620,Warning
2024-01-03 11:23,3,683,11.38,33.2,37.8,909,588,Warning
2024-01-03 11:24,3,684,11.4,34.3,37.2,908,581,Warning
2024-01-03 11:25,3,685,11.42,33.2,36.2,918,623,Warning
2024-01-03 11:26,3,686,11.43,34.6,35.7,908,622,Warning
2024-01-03 11:27,3,687,11.45,34.5,37.2,916,572,Warning
2024-01-03 11:28,3,688,11.47,33.8,39.3,911,624,Warning
2024-01-03 11:29,3,689,11.48,33.7,36.6,922,620,Warning
2024-01-03 11:30,3,690,11.5,34.7,39.0,917,601,Warning
2024-01-03 11:31,3,691,11.52,33.5,37.0,907,583,Warning
2024-01-03 11:32,3,692,11.53,33.5,38.4,914,575,Warning
2024-01-03 11:33,3,693,11.55,34.1,37.6,899,571,Warning
2024-01-03 11:34,3,694,11.57,33.3,38.3,895,575,Warning
2024-01-03 11:35,3,695,11.58,34.0,37.1,901,625,Warning
2024-01-03 11:36,3,696,11.6,34.7,38.3,905,569,Warning
2024-01-03 11:37,3,697,11.62,33.2,35.7,905,584,Warning
2024-01-03 11:38,3,698,11.63,34.7,36.4,920,609,Warning
2024-01-03 11:39,3,699,11.65,34.1,35.1,918,588,Warning
2024-01-03 11:40,3,700,11.67,33.3,38.9,904,569,Warning
2024-01-03 11:41,3,701,11.68,34.1,38.1,912,617,Warning
2024-01-03 11:42,3,702,11.7,33.4,36.4,932,574,Warning
2024-01-03 11:43,3,703,11.72,33.6,35.9,935,572,Warning
2024-01-03 11:44,3,704,11.73,34.5,35.9,906,597,Warning
2024-01-03 11:45,3,705,11.75,34.1,35.7,935,574,Warning
2024-01-03 11:46,3,706,11.77,34.0,35.6,922,570,Warning
2024-01-03 11:47,3,707,11.78,33.8,36.0,915,613,Warning
2024-01-03 11:48,3,708,11.8,33.9,36.4,937,588,Warning
2024-01-03 11:49,3,709,11.82,33.7,37.4,931,595,Warning
2024-01-03 11:50,3,710,11.83,34.5,35.4,926,611,Warning
2024-01-03 11:51,3,711,11.85,33.7,35.4,917,614,Warning
2024-01-03 11:52,3,712,11.87,33.4,34.7,945,625,Warning
2024-01-03 11:53,3,713,11.88,33.4,34.8,937,577,Warning
2024-01-03 11:54,3,714,11.9,33.4,34.7,931,613,Warning
2024-01-03 11:55,3,715,11.92,33.7,35.3,941,596,Warning
2024-01-03 11:56,3,716,11.93,33.9,38.0,946,615,Warning
2024-01-03 11:57,3,717,11.95,34.1,38.0,925,626,Warning
2024-01-03 11:58,3,718,11.97,34.0,34.3,923,594,Warning
2024-01-03 11:59,3,719,11.98,33.5,34.4,915,622,Warning
2024-01-03 12:00,3,720,12.0,34.6,35.2,925,622,Warning
2024-01-03 12:01,3,721,12.02,34.0,36.7,940,619,Warning
2024-01-03 12:02,3,722,12.03,34.3,35.4,923,621,Warning
2024-01-03 12:03,3,723,12.05,33.7,37.9,943,611,Warning
2024-01-03 12:04,3,724,12.07,33.7,37.7,953,624,Warning
2024-01-03 12:05,3,725,12.08,34.3,34.0,928,585,Warning
2024-01-03 12:06,3,726,12.1,33.9,35.9,939,578,Warning
2024-01-03 12:07,3,727,12.12,33.3,34.5,951,607,Warning
2024-01-03 12:08,3,728,12.13,34.0,35.0,932,615,Warning
2024-01-03 12:09,3,729,12.15,33.5,34.0,920,609,Warning
2024-01-03 12:10,3,730,12.17,33.8,35.2,960,592,Warning
2024-01-03 12:11,3,731,12.18,33.7,34.2,954,581,Warning
2024-01-03 12:12,3,732,12.2,33.5,35.1,954,586,Warning
2024-01-03 12:13,3,733,12.22,34.0,37.3,960,608,Warning
2024-01-03 12:14,3,734,12.23,34.7,34.5,926,597,Warning
2024-01-03 12:15,3,735,12.25,34.7,36.0,942,602,Warning
2024-01-03 12:16,3,736,12.27,34.8,35.4,943,589,Warning
2024-01-03 12:17,3,737,12.28,33.2,35.9,929,598,Warning
2024-01-03 12:18,3,738,12.3,34.5,35.2,955,626,Warning
2024-01-03 12:19,3,739,12.32,34.6,35.8,947,620,Warning
2024-01-03 12:20,3,740,12.33,34.1,35.3,946,624,Warning
2024-01-03 12:21,3,741,12.35,34.2,33.6,942,609,Warning
2024-01-03 12:22,3,742,12.37,34.6,34.5,945,567,Warning
2024-01-03 12:23,3,743,12.38,34.0,33.6,957,581,Warning
2024-01-03 12:24,3,744,12.4,33.8,35.1,934,617,Warning
2024-01-03 12:25,3,745,12.42,34.4,35.5,964,626,Warning
2024-01-03 12:26,3,746,12.43,33.8,35.3,971,616,Warning
2024-01-03 12:27,3,747,12.45,33.6,35.7,935,596,Warning
2024-01-03 12:28,3,748,12.47,34.7,34.1,967,583,Warning
2024-01-03 12:29,3,749,12.48,34.4,36.7,957,600,Warning
2024-01-03 12:30,3,750,12.5,34.3,33.9,946,564,Warning
2024-01-03 12:31,3,751,12.52,34.2,33.5,949,624,Warning
2024-01-03 12:32,3,752,12.53,33.9,33.6,951,574,Warning
2024-01-03 12:33,3,753,12.55,34.1,35.8,961,573,Warning
2024-01-03 12:34,3,754,12.57,34.5,33.9,946,586,Warning
2024-01-03 12:35,3,755,12.58,33.2,36.8,955,597,Warning
2024-01-03 12:36,3,756,12.6,34.2,35.6,941,571,Warning
2024-01-03 12:37,3,757,12.62,34.5,36.4,938,577,Warning
2024-01-03 12:38,3,758,12.63,33.2,36.1,955,572,Warning
2024-01-03 12:39,3,759,12.65,33.2,34.8,946,593,Warning
2024-01-03 12:40,3,760,12.67,34.3,36.1,968,592,Warning
2024-01-03 12:41,3,761,12.68,33.2,35.6,957,610,Warning
2024-01-03 12:42,3,762,12.7,33.2,36.1,962,570,Warning
2024-01-03 12:43,3,763,12.72,33.6,33.7,957,605,Warning
2024-01-03 12:44,3,764,12.73,33.0,36.5,947,562,Warning
2024-01-03 12:45,3,765,12.75,33.3,34.2,975,610,Warning
2024-01-03 12:46,3,766,12.77,34.1,33.6,983,579,Warning
2024-01-03 12:47,3,767,12.78,33.0,36.2,970,563,Warning
2024-01-03 12:48,3,768,12.8,34.3,35.9,969,569,Warning
2024-01-03 12:49,3,769,12.82,33.2,35.2,974,605,Warning
2024-01-03 12:50,3,770,12.83,33.9,35.5,959,608,Warning
2024-01-03 12:51,3,771,12.85,34.0,36.4,976,590,Warning
2024-01-03 12:52,3,772,12.87,34.2,34.2,969,566,Warning
2024-01-03 12:53,3,773,12.88,34.4,32.8,958,554,Warning
2024-01-03 12:54,3,774,12.9,33.8,32.7,970,594,Warning
2024-01-03 12:55,3,775,12.92,33.5,35.6,947,572,Warning
2024-01-03 12:56,3,776,12.93,34.3,33.0,954,590,Warning
2024-01-03 12:57,3,777,12.95,33.7,35.7,985,559,Warning
2024-01-03 12:58,3,778,12.97,33.6,34.8,984,596,Warning
2024-01-03 12:59,3,779,12.98,34.1,33.0,951,600,Warning
2024-01-03 13:00,3,780,13.0,34.2,33.8,969,583,Warning
2024-01-03 13:01,3,781,13.02,34.2,33.7,956,551,Warning
2024-01-03 13:02,3,782,13.03,34.3,35.2,959,592,Warning
2024-01-03 13:03,3,783,13.05,33.2,34.0,960,564,Warning
2024-01-03 13:04,3,784,13.07,33.4,34.1,956,579,Warning
2024-01-03 13:05,3,785,13.08,33.4,34.5,971,572,Warning
2024-01-03 13:06,3,786,13.1,32.8,36.4,973,556,Warning
2024-01-03 13:07,3,787,13.12,33.9,35.9,986,582,Warning
2024-01-03 13:08,3,788,13.13,33.7,32.8,961,549,Warning
2024-01-03 13:09,3,789,13.15,34.3,35.5,974,599,Warning
2024-01-03 13:10,3,790,13.17,32.9,34.7,991,593,Warning
2024-01-03 13:11,3,791,13.18,32.9,32.6,974,594,Warning
2024-01-03 13:12,3,792,13.2,33.9,35.4,960,591,Warning
2024-01-03 13:13,3,793,13.22,33.8,36.1,990,558,Warning
2024-01-03 13:14,3,794,13.23,34.1,35.0,962,595,Warning
2024-01-03 13:15,3,795,13.25,33.3,36.0,976,596,Warning
2024-01-03 13:16,3,796,13.27,34.1,32.7,978,554,Warning
2024-01-03 13:17,3,797,13.28,33.8,32.8,964,596,Warning
2024-01-03 13:18,3,798,13.3,34.1,32.3,988,537,Warning
2024-01-03 13:19,3,799,13.32,33.4,33.7,992,540,Warning
2024-01-03 13:20,3,800,13.33,33.0,34.6,994,590,Warning
2024-01-03 13:21,3,801,13.35,33.9,32.6,969,543,Warning
2024-01-03 13:22,3,802,13.37,33.6,34.5,966,572,Warning
2024-01-03 13:23,3,803,13.38,33.9,34.1,968,541,Warning
2024-01-03 13:24,3,804,13.4,33.7,35.5,992,545,Warning
2024-01-03 13:25,3,805,13.42,34.1,32.2,994,585,Warning
2024-01-03 13:26,3,806,13.43,32.9,35.4,973,559,Warning
2024-01-03 13:27,3,807,13.45,33.4,32.4,975,566,Warning
2024-01-03 13:28,3,808,13.47,33.5,32.9,995,544,Warning
2024-01-03 13:29,3,809,13.48,33.0,33.8,999,551,Warning
2024-01-03 13:30,3,810,13.5,33.9,33.3,978,563,Warning
2024-01-03 13:31,3,811,13.52,33.8,32.6,989,539,Warning
2024-01-03 13:32,3,812,13.53,33.4,34.1,970,547,Warning
2024-01-03 13:33,3,813,13.55,33.3,35.1,972,557,Warning
2024-01-03 13:34,3,814,13.57,32.7,34.7,971,562,Warning
2024-01-03 13:35,3,815,13.58,32.8,34.9,978,534,Warning
2024-01-03 13:36,3,816,13.6,33.5,35.0,990,526,Warning
2024-01-03 13:37,3,817,13.62,33.9,33.2,972,553,Warning
2024-01-03 13:38,3,818,13.63,32.3,32.9,973,568,Warning
2024-01-03 13:39,3,819,13.65,33.4,33.7,987,527,Warning
2024-01-03 13:40,3,820,13.67,33.0,32.6,973,568,Warning
2024-01-03 13:41,3,821,13.68,32.8,36.0,991,554,Warning
2024-01-03 13:42,3,822,13.7,33.1,33.1,979,565,Warning
2024-01-03 13:43,3,823,13.72,33.2,32.9,989,522,Warning
2024-01-03 13:44,3,824,13.73,33.6,35.5,982,540,Warning
2024-01-03 13:45,3,825,13.75,33.0,33.1,971,524,Warning
2024-01-03 13:46,3,826,13.77,32.2,33.9,971,556,Warning
2024-01-03 13:47,3,827,13.78,33.6,32.3,997,538,Warning
2024-01-03 13:48,3,828,13.8,32.6,33.7,987,513,Warning
2024-01-03 13:49,3,829,13.82,32.5,32.7,969,533,Warning
2024-01-03 13:50,3,830,13.83,33.3,34.1,1006,531,Warning
2024-01-03 13:51,3,831,13.85,32.6,34.6,998,512,Warning
2024-01-03 13:52,3,832,13.87,33.1,33.1,1000,523,Warning
2024-01-03 13:53,3,833,13.88,32.4,33.9,998,555,Warning
2024-01-03 13:54,3,834,13.9,32.2,35.1,1001,521,Warning
2024-01-03 13:55,3,835,13.92,32.3,35.8,1003,537,Warning
2024-01-03 13:56,3,836,13.93,33.4,32.4,994,527,Warning
2024-01-03 13:57,3,837,13.95,32.3,32.4,1004,544,Warning
2024-01-03 13:58,3,838,13.97,32.4,33.6,975,528,Warning
2024-01-03 13:59,3,839,13.98,33.4,32.4,990,506,Warning
2024-01-03 14:00,3,840,14.0,33.2,35.0,1007,543,Warning
2024-01-03 14:01,3,841,14.02,32.8,35.2,1005,546,Warning
2024-01-03 14:02,3,842,14.03,32.1,34.0,1005,486,Warning
2024-01-03 14:03,3,843,14.05,32.0,32.1,1008,511,Warning
2024-01-03 14:04,3,844,14.07,32.7,32.0,985,495,Warning
2024-01-03 14:05,3,845,14.08,31.9,33.2,1000,498,Warning
2024-01-03 14:06,3,846,14.1,32.8,33.1,985,521,Warning
2024-01-03 14:07,3,847,14.12,32.3,35.4,1012,516,Warning
2024-01-03 14:08,3,848,14.13,32.6,32.4,1004,517,Warning
2024-01-03 14:09,3,849,14.15,32.0,33.0,976,531,Warning
2024-01-03 14:10,3,850,14.17,32.2,33.9,989,510,Warning
2024-01-03 14:11,3,851,14.18,32.1,32.9,1009,475,Warning
2024-01-03 14:12,3,852,14.2,32.7,32.4,983,487,Warning
2024-01-03 14:13,3,853,14.22,32.2,32.2,1004,497,Warning
2024-01-03 14:14,3,854,14.23,32.4,35.0,981,513,Warning
2024-01-03 14:15,3,855,14.25,33.1,34.2,983,482,Warning
2024-01-03 14:16,3,856,14.27,32.7,32.9,981,469,Warning
2024-01-03 14:17,3,857,14.28,31.9,35.7,1002,472,Warning
2024-01-03 14:18,3,858,14.3,33.0,34.6,1004,521,Warning
2024-01-03 14:19,3,859,14.32,31.8,33.4,991,501,Warning
2024-01-03 14:20,3,860,14.33,31.6,35.3,1014,495,Warning
2024-01-03 14:21,3,861,14.35,32.6,35.8,991,461,Warning
2024-01-03 14:22,3,862,14.37,32.1,33.2,986,500,Warning
2024-01-03 14:23,3,863,14.38,32.5,35.0,1008,508,Warning
2024-01-03 14:24,3,864,14.4,32.9,35.3,998,461,Warning
2024-01-03 14:25,3,865,14.42,31.4,34.4,1013,470,Warning
2024-01-03 14:26,3,866,14.43,31.2,34.9,999,500,Warning
2024-01-03 14:27,3,867,14.45,31.9,34.9,978,497,Warning
2024-01-03 14:28,3,868,14.47,31.3,34.6,978,491,Warning
2024-01-03 14:29,3,869,14.48,31.6,32.8,987,461,Warning
2024-01-03 14:30,3,870,14.5,32.3,35.1,990,498,Warning
2024-01-03 14:31,3,871,14.52,31.4,32.7,1007,447,Warning
2024-01-03 14:32,3,872,14.53,32.1,33.1,986,444,Warning
2024-01-03 14:33,3,873,14.55,31.2,35.8,991,464,Warning
2024-01-03 14:34,3,874,14.57,32.0,35.7,997,492,Warning
2024-01-03 14:35,3,875,14.58,32.1,32.8,982,490,Warning
2024-01-03 14:36,3,876,14.6,32.4,34.1,978,446,Warning
2024-01-03 14:37,3,877,14.62,31.5,34.3,1004,440,Warning
2024-01-03 14:38,3,878,14.63,31.1,32.8,982,441,Warning
2024-01-03 14:39,3,879,14.65,31.6,34.0,989,448,Warning
2024-01-03 14:40,3,880,14.67,32.0,35.1,1012,489,Warning
2024-01-03 14:41,3,881,14.68,32.3,34.6,1016,448,Warning
2024-01-03 14:42,3,882,14.7,32.2,32.9,1017,460,Warning
2024-01-03 14:43,3,883,14.72,31.8,33.1,1007,451,Warning
2024-01-03 14:44,3,884,14.73,31.0,35.6,1007,439,Warning
2024-01-03 14:45,3,885,14.75,31.2,34.7,980,433,Warning
2024-01-03 14:46,3,886,14.77,31.3,33.8,1013,448,Warning
2024-01-03 14:47,3,887,14.78,32.1,35.8,986,467,Warning
2024-01-03 14:48,3,888,14.8,31.7,36.0,993,462,Warning
2024-01-03 14:49,3,889,14.82,31.7,36.2,986,449,Warning
2024-01-03 14:50,3,890,14.83,31.3,36.0,1016,457,Warning
2024-01-03 14:51,3,891,14.85,31.7,32.9,1012,421,Warning
2024-01-03 14:52,3,892,14.87,31.4,33.3,987,423,Warning
2024-01-03 14:53,3,893,14.88,31.9,34.5,1017,441,Warning
2024-01-03 14:54,3,894,14.9,31.9,33.4,1014,410,Warning
2024-01-03 14:55,3,895,14.92,31.0,34.6,995,419,Warning
2024-01-03 14:56,3,896,14.93,30.9,33.0,990,403,Warning
2024-01-03 14:57,3,897,14.95,31.0,35.9,992,407,Warning
2024-01-03 14:58,3,898,14.97,31.6,33.4,1019,402,Warning
2024-01-03 14:59,3,899,14.98,31.1,35.0,983,423,Warning
2024-01-03 15:00,3,900,15.0,31.4,34.7,1000,423,Warning
2024-01-03 15:01,3,901,15.02,30.5,33.7,1000,393,Warning
2024-01-03 15:02,3,902,15.03,30.3,32.6,980,439,Warning
2024-01-03 15:03,3,903,15.05,31.2,32.7,980,393,Warning
2024-01-03 15:04,3,904,15.07,30.7,35.7,1019,423,Warning
2024-01-03 15:05,3,905,15.08,30.2,35.4,1009,444,Warning
2024-01-03 15:06,3,906,15.1,31.4,34.4,1013,424,Warning
2024-01-03 15:07,3,907,15.12,30.6,35.8,1017,382,Warning
2024-01-03 15:08,3,908,15.13,31.2,36.7,999,403,Warning
2024-01-03 15:09,3,909,15.15,31.1,35.9,1011,418,Warning
2024-01-03 15:10,3,910,15.17,30.4,33.9,989,380,Warning
2024-01-03 15:11,3,911,15.18,30.8,33.4,1015,407,Warning
2024-01-03 15:12,3,912,15.2,30.7,34.7,983,380,Warning
2024-01-03 15:13,3,913,15.22,30.1,35.9,1011,408,Warning
2024-01-03 15:14,3,914,15.23,31.1,34.1,1009,369,Warning
2024-01-03 15:15,3,915,15.25,30.6,34.7,981,403,Warning
2024-01-03 15:16,3,916,15.27,29.8,35.5,994,387,Normal
2024-01-03 15:17,3,917,15.28,30.3,34.3,1002,407,Warning
2024-01-03 15:18,3,918,15.3,30.5,35.0,1004,383,Warning
2024-01-03 15:19,3,919,15.32,30.6,33.9,988,408,Warning
2024-01-03 15:20,3,920,15.33,30.1,33.9,999,378,Warning
2024-01-03 15:21,3,921,15.35,30.7,34.5,989,403,Warning
2024-01-03 15:22,3,922,15.37,30.5,35.9,1013,396,Warning
2024-01-03 15:23,3,923,15.38,29.6,34.9,1004,362,Normal
2024-01-03 15:24,3,924,15.4,29.9,35.5,1017,382,Normal
2024-01-03 15:25,3,925,15.42,30.2,34.5,979,394,Warning
2024-01-03 15:26,3,926,15.43,30.4,35.7,1011,354,Warning
2024-01-03 15:27,3,927,15.45,29.6,33.4,981,400,Normal
2024-01-03 15:28,3,928,15.47,29.6,34.7,1011,346,Normal
2024-01-03 15:29,3,929,15.48,30.7,36.9,978,353,Warning
2024-01-03 15:30,3,930,15.5,30.3,34.3,989,370,Warning
2024-01-03 15:31,3,931,15.52,30.8,35.2,992,366,Warning
2024-01-03 15:32,3,932,15.53,29.5,36.1,989,364,Normal
2024-01-03 15:33,3,933,15.55,30.2,34.9,992,337,Warning
2024-01-03 15:34,3,934,15.57,30.2,33.9,1002,365,Warning
2024-01-03 15:35,3,935,15.58,30.2,36.3,1010,360,Warning
2024-01-03 15:36,3,936,15.6,30.1,36.1,996,348,Warning
2024-01-03 15:37,3,937,15.62,29.5,33.5,1003,368,Normal
2024-01-03 15:38,3,938,15.63,30.2,34.9,1009,345,Warning
2024-01-03 15:39,3,939,15.65,29.3,34.7,992,321,Normal
2024-01-03 15:40,3,940,15.67,29.7,33.7,1000,332,Normal
2024-01-03 15:41,3,941,15.68,30.4,36.1,986,333,Warning
2024-01-03 15:42,3,942,15.7,30.4,35.1,994,364,Warning
2024-01-03 15:43,3,943,15.72,30.2,34.3,990,353,Warning
2024-01-03 15:44,3,944,15.73,29.9,35.0,986,323,Normal
2024-01-03 15:45,3,945,15.75,29.1,37.1,976,345,Normal
2024-01-03 15:46,3,946,15.77,28.9,35.2,1001,351,Normal
2024-01-03 15:47,3,947,15.78,29.1,34.9,1011,350,Normal
2024-01-03 15:48,3,948,15.8,29.5,37.4,976,345,Normal
2024-01-03 15:49,3,949,15.82,29.0,34.2,989,329,Normal
2024-01-03 15:50,3,950,15.83,29.7,35.9,991,313,Normal
2024-01-03 15:51,3,951,15.85,29.7,34.4,1013,343,Normal
2024-01-03 15:52,3,952,15.87,29.6,36.6,995,289,Normal
2024-01-03 15:53,3,953,15.88,28.9,36.5,992,300,Normal
2024-01-03 15:54,3,954,15.9,28.8,34.8,995,295,Normal
2024-01-03 15:55,3,955,15.92,29.7,35.0,993,337,Normal
2024-01-03 15:56,3,956,15.93,29.5,35.6,987,330,Normal
2024-01-03 15:57,3,957,15.95,28.5,34.4,979,321,Normal
2024-01-03 15:58,3,958,15.97,29.2,36.2,979,308,Normal
2024-01-03 15:59,3,959,15.98,28.3,38.0,987,309,Normal
2024-01-03 16:00,3,960,16.0,28.3,36.9,1003,282,Normal
2024-01-03 16:01,3,961,16.02,28.4,36.8,986,269,Normal
2024-01-03 16:02,3,962,16.03,29.5,37.6,975,270,Normal
2024-01-03 16:03,3,963,16.05,29.6,36.7,1003,294,Normal
2024-01-03 16:04,3,964,16.07,29.3,35.6,995,266,Normal
2024-01-03 16:05,3,965,16.08,28.7,36.3,997,307,Normal
2024-01-03 16:06,3,966,16.1,28.9,37.8,970,256,Normal
2024-01-03 16:07,3,967,16.12,29.4,35.2,971,304,Normal
2024-01-03 16:08,3,968,16.13,27.9,34.9,996,258,Normal
2024-01-03 16:09,3,969,16.15,28.7,37.8,1003,308,Normal
2024-01-03 16:10,3,970,16.17,27.8,37.3,990,277,Normal
2024-01-03 16:11,3,971,16.18,28.8,36.5,987,296,Normal
2024-01-03 16:12,3,972,16.2,29.3,35.1,995,300,Normal
2024-01-03 16:13,3,973,16.22,27.7,37.1,981,265,Normal
2024-01-03 16:14,3,974,16.23,28.3,37.8,976,293,Normal
2024-01-03 16:15,3,975,16.25,27.7,35.9,972,286,Normal
2024-01-03 16:16,3,976,16.27,27.8,36.8,1003,251,Normal
2024-01-03 16:17,3,977,16.28,27.7,35.9,981,255,Normal
2024-01-03 16:18,3,978,16.3,28.4,36.2,968,265,Normal
2024-01-03 16:19,3,979,16.32,27.7,38.8,979,235,Normal
2024-01-03 16:20,3,980,16.33,28.7,35.5,979,261,Normal
2024-01-03 16:21,3,981,16.35,28.3,35.5,981,249,Normal
2024-01-03 16:22,3,982,16.37,27.8,36.3,970,223,Normal
2024-01-03 16:23,3,983,16.38,27.7,35.2,983,224,Normal
2024-01-03 16:24,3,984,16.4,28.1,36.7,967,267,Normal
2024-01-03 16:25,3,985,16.42,27.8,35.2,985,226,Normal
2024-01-03 16:26,3,986,16.43,28.0,36.7,991,259,Normal
2024-01-03 16:27,3,987,16.45,28.3,37.3,970,213,Normal
2024-01-03 16:28,3,988,16.47,28.3,36.9,964,264,Normal
2024-01-03 16:29,3,989,16.48,27.1,36.0,966,235,Normal
2024-01-03 16:30,3,990,16.5,28.4,36.8,988,255,Normal
2024-01-03 16:31,3,991,16.52,28.0,38.6,963,221,Normal
2024-01-03 16:32,3,992,16.53,27.2,37.2,982,254,Normal
2024-01-03 16:33,3,993,16.55,28.1,35.8,973,241,Normal
2024-01-03 16:34,3,994,16.57,27.2,39.1,983,192,Normal
2024-01-03 16:35,3,995,16.58,28.1,37.6,972,214,Normal
2024-01-03 16:36,3,996,16.6,27.7,37.5,991,212,Normal
2024-01-03 16:37,3,997,16.62,28.0,38.2,969,221,Normal
2024-01-03 16:38,3,998,16.63,27.0,37.8,976,198,Normal
2024-01-03 16:39,3,999,16.65,27.9,35.9,974,196,Normal
2024-01-03 16:40,3,1000,16.67,28.1,35.8,992,203,Normal
2024-01-03 16:41,3,1001,16.68,27.8,37.2,973,202,Normal
2024-01-03 16:42,3,1002,16.7,27.9,39.5,991,178,Normal
2024-01-03 16:43,3,1003,16.72,27.1,36.7,981,206,Normal
2024-01-03 16:44,3,1004,16.73,27.6,36.1,980,193,Normal
2024-01-03 16:45,3,1005,16.75,27.5,36.0,960,194,Normal
2024-01-03 16:46,3,1006,16.77,27.0,38.3,960,211,Normal
2024-01-03 16:47,3,1007,16.78,26.8,38.4,957,202,Normal
2024-01-03 16:48,3,1008,16.8,27.9,40.1,992,206,Normal
2024-01-03 16:49,3,1009,16.82,26.5,39.2,991,191,Normal
2024-01-03 16:50,3,1010,16.83,27.7,37.9,993,186,Normal
2024-01-03 16:51,3,1011,16.85,27.5,39.7,972,200,Normal
2024-01-03 16:52,3,1012,16.87,27.0,38.7,992,192,Normal
2024-01-03 16:53,3,1013,16.88,27.2,39.1,982,147,Normal
2024-01-03 16:54,3,1014,16.9,27.5,37.6,987,190,Normal
2024-01-03 16:55,3,1015,16.92,26.6,38.0,988,152,Normal
2024-01-03 16:56,3,1016,16.93,26.2,38.8,970,136,Normal
2024-01-03 16:57,3,1017,16.95,27.2,40.1,987,171,Normal
2024-01-03 16:58,3,1018,16.97,27.1,40.0,962,186,Normal
2024-01-03 16:59,3,1019,16.98,26.1,37.4,964,145,Normal
2024-01-03 17:00,3,1020,17.0,27.0,39.8,977,150,Normal
2024-01-03 17:01,3,1021,17.02,26.6,40.6,952,148,Normal
2024-01-03 17:02,3,1022,17.03,26.7,36.9,984,150,Normal
2024-01-03 17:03,3,1023,17.05,25.9,39.4,977,165,Normal
2024-01-03 17:04,3,1024,17.07,26.3,40.5,976,126,Normal
2024-01-03 17:05,3,1025,17.08,26.8,38.2,961,145,Normal
2024-01-03 17:06,3,1026,17.1,26.5,38.3,985,168,Normal
2024-01-03 17:07,3,1027,17.12,26.1,38.0,979,115,Normal
2024-01-03 17:08,3,1028,17.13,26.5,39.3,947,157,Normal
2024-01-03 17:09,3,1029,17.15,26.7,38.3,945,159,Normal
2024-01-03 17:10,3,1030,17.17,25.9,38.8,952,108,Normal
2024-01-03 17:11,3,1031,17.18,26.8,39.5,971,118,Normal
2024-01-03 17:12,3,1032,17.2,25.3,40.5,953,119,Normal
2024-01-03 17:13,3,1033,17.22,26.2,38.8,952,119,Normal
2024-01-03 17:14,3,1034,17.23,26.3,37.8,978,113,Normal
2024-01-03 17:15,3,1035,17.25,26.1,38.8,982,91,Normal
2024-01-03 17:16,3,1036,17.27,26.6,38.4,977,114,Normal
2024-01-03 17:17,3,1037,17.28,26.4,37.9,950,130,Normal
2024-01-03 17:18,3,1038,17.3,25.3,39.7,976,100,Normal
2024-01-03 17:19,3,1039,17.32,26.5,40.7,956,129,Normal
2024-01-03 17:20,3,1040,17.33,25.2,38.8,973,83,Normal
2024-01-03 17:21,3,1041,17.35,25.3,41.0,958,125,Normal
2024-01-03 17:22,3,1042,17.37,25.7,40.3,940,123,Normal
2024-01-03 17:23,3,1043,17.38,24.9,41.7,968,114,Normal
2024-01-03 17:24,3,1044,17.4,25.1,38.0,969,90,Normal
2024-01-03 17:25,3,1045,17.42,25.7,41.6,960,65,Normal
2024-01-03 17:26,3,1046,17.43,26.3,38.5,960,90,Normal
2024-01-03 17:27,3,1047,17.45,25.0,38.4,947,108,Normal
2024-01-03 17:28,3,1048,17.47,25.6,41.4,936,56,Normal
2024-01-03 17:29,3,1049,17.48,26.1,39.7,937,89,Normal
2024-01-03 17:30,3,1050,17.5,25.5,38.6,974,86,Normal
2024-01-03 17:31,3,1051,17.52,24.6,41.3,936,74,Normal
2024-01-03 17:32,3,1052,17.53,25.1,39.1,972,76,Normal
2024-01-03 17:33,3,1053,17.55,24.7,40.8,960,81,Normal
2024-01-03 17:34,3,1054,17.57,25.0,39.1,954,51,Normal
2024-01-03 17:35,3,1055,17.58,25.3,39.6,961,63,Normal
2024-01-03 17:36,3,1056,17.6,25.0,39.7,940,35,Normal
2024-01-03 17:37,3,1057,17.62,25.3,40.4,937,76,Normal
2024-01-03 17:38,3,1058,17.63,24.8,42.2,937,65,Normal
2024-01-03 17:39,3,1059,17.65,24.3,38.8,933,71,Normal
2024-01-03 17:40,3,1060,17.67,25.5,41.7,957,81,Normal
2024-01-03 17:41,3,1061,17.68,24.6,39.1,937,55,Normal
2024-01-03 17:42,3,1062,17.7,25.1,41.3,942,18,Normal
2024-01-03 17:43,3,1063,17.72,24.6,41.1,959,30,Normal
2024-01-03 17:44,3,1064,17.73,24.0,39.8,937,40,Normal
2024-01-03 17:45,3,1065,17.75,24.2,42.9,944,31,Normal
2024-01-03 17:46,3,1066,17.77,25.0,39.9,946,64,Normal
2024-01-03 17:47,3,1067,17.78,25.3,39.7,957,63,Normal
2024-01-03 17:48,3,1068,17.8,23.9,39.3,932,44,Normal
2024-01-03 17:49,3,1069,17.82,23.8,41.8,922,22,Normal
2024-01-03 17:50,3,1070,17.83,23.8,42.4,936,48,Normal
2024-01-03 17:51,3,1071,17.85,24.4,42.1,928,22,Normal
2024-01-03 17:52,3,1072,17.87,24.3,41.8,942,14,Normal
2024-01-03 17:53,3,1073,17.88,23.7,40.5,923,45,Normal
2024-01-03 17:54,3,1074,17.9,24.5,40.8,934,22,Normal
2024-01-03 17:55,3,1075,17.92,23.5,43.5,955,3,Normal
2024-01-03 17:56,3,1076,17.93,23.5,43.2,935,12,Normal
2024-01-03 17:57,3,1077,17.95,23.4,43.1,943,0,Normal
2024-01-03 17:58,3,1078,17.97,23.7,40.1,943,0,Normal
2024-01-03 17:59,3,1079,17.98,24.3,43.3,940,2,Normal
2024-01-03 18:00,3,1080,18.0,24.1,43.7,943,17,Normal
2024-01-03 18:01,3,1081,18.02,24.4,42.7,923,2,Normal
2024-01-03 18:02,3,1082,18.03,23.2,43.5,953,1,Normal
2024-01-03 18:03,3,1083,18.05,24.5,43.8,949,8,Normal
2024-01-03 18:04,3,1084,18.07,24.3,40.7,923,4,Normal
2024-01-03 18:05,3,1085,18.08,23.8,44.2,921,9,Normal
2024-01-03 18:06,3,1086,18.1,23.8,43.3,941,10,Normal
2024-01-03 18:07,3,1087,18.12,23.9,41.4,936,3,Normal
2024-01-03 18:08,3,1088,18.13,24.3,42.6,915,8,Normal
2024-01-03 18:09,3,1089,18.15,23.1,43.3,928,6,Normal
2024-01-03 18:10,3,1090,18.17,22.8,41.5,935,0,Normal
2024-01-03 18:11,3,1091,18.18,23.5,43.5,940,10,Normal
2024-01-03 18:12,3,1092,18.2,23.4,43.5,912,7,Normal
2024-01-03 18:13,3,1093,18.22,23.4,41.0,936,3,Normal
2024-01-03 18:14,3,1094,18.23,24.0,42.9,913,0,Normal
2024-01-03 18:15,3,1095,18.25,23.1,40.9,937,2,Normal
2024-01-03 18:16,3,1096,18.27,22.6,44.3,913,3,Normal
2024-01-03 18:17,3,1097,18.28,23.5,42.4,912,1,Normal
2024-01-03 18:18,3,1098,18.3,24.0,43.8,924,0,Normal
2024-01-03 18:19,3,1099,18.32,23.6,43.3,928,1,Normal
2024-01-03 18:20,3,1100,18.33,23.4,42.9,908,1,Normal
2024-01-03 18:21,3,1101,18.35,23.1,44.4,910,1,Normal
2024-01-03 18:22,3,1102,18.37,23.8,41.9,934,6,Normal
2024-01-03 18:23,3,1103,18.38,23.7,44.4,899,8,Normal
2024-01-03 18:24,3,1104,18.4,23.1,44.6,913,3,Normal
2024-01-03 18:25,3,1105,18.42,22.8,44.0,914,8,Normal
2024-01-03 18:26,3,1106,18.43,23.5,45.4,903,0,Normal
2024-01-03 18:27,3,1107,18.45,23.4,44.9,932,3,Normal
2024-01-03 18:28,3,1108,18.47,23.0,43.9,931,4,Normal
2024-01-03 18:29,3,1109,18.48,22.7,43.0,900,4,Normal
2024-01-03 18:30,3,1110,18.5,23.3,43.2,931,8,Normal
2024-01-03 18:31,3,1111,18.52,22.7,42.2,896,4,Normal
2024-01-03 18:32,3,1112,18.53,22.4,44.5,922,7,Normal
2024-01-03 18:33,3,1113,18.55,23.3,45.1,891,10,Normal
2024-01-03 18:34,3,1114,18.57,22.4,43.6,899,3,Normal
2024-01-03 18:35,3,1115,18.58,23.1,43.8,912,7,Normal
2024-01-03 18:36,3,1116,18.6,21.9,45.3,898,0,Normal
2024-01-03 18:37,3,1117,18.62,23.1,44.1,910,1,Normal
2024-01-03 18:38,3,1118,18.63,23.1,42.7,925,10,Normal
2024-01-03 18:39,3,1119,18.65,23.1,44.4,918,7,Normal
2024-01-03 18:40,3,1120,18.67,22.1,43.1,923,9,Normal
2024-01-03 18:41,3,1121,18.68,22.9,44.6,892,2,Normal
2024-01-03 18:42,3,1122,18.7,21.9,45.0,913,0,Normal
2024-01-03 18:43,3,1123,18.72,22.6,44.9,914,0,Normal
2024-01-03 18:44,3,1124,18.73,21.9,43.5,920,3,Normal
2024-01-03 18:45,3,1125,18.75,21.8,45.6,880,10,Normal
2024-01-03 18:46,3,1126,18.77,22.6,44.4,903,6,Normal
2024-01-03 18:47,3,1127,18.78,22.3,44.3,907,9,Normal
2024-01-03 18:48,3,1128,18.8,21.2,45.7,887,4,Normal
2024-01-03 18:49,3,1129,18.82,22.5,43.8,897,5,Normal
2024-01-03 18:50,3,1130,18.83,21.5,43.9,908,6,Normal
2024-01-03 18:51,3,1131,18.85,21.7,44.8,882,5,Normal
2024-01-03 18:52,3,1132,18.87,22.3,45.8,884,10,Normal
2024-01-03 18:53,3,1133,18.88,21.3,47.2,907,9,Normal
2024-01-03 18:54,3,1134,18.9,22.2,46.6,886,3,Normal
2024-01-03 18:55,3,1135,18.92,21.7,47.1,907,1,Normal
2024-01-03 18:56,3,1136,18.93,21.3,44.2,875,10,Normal
2024-01-03 18:57,3,1137,18.95,21.8,45.0,903,5,Normal
2024-01-03 18:58,3,1138,18.97,21.9,47.5,879,5,Normal
2024-01-03 18:59,3,1139,18.98,21.3,47.7,877,6,Normal
2024-01-03 19:00,3,1140,19.0,22.1,44.7,881,5,Normal
2024-01-03 19:01,3,1141,19.02,21.4,47.1,889,1,Normal
2024-01-03 19:02,3,1142,19.03,20.9,48.0,897,1,Normal
2024-01-03 19:03,3,1143,19.05,21.4,45.6,887,0,Normal
2024-01-03 19:04,3,1144,19.07,22.0,46.1,879,6,Normal
2024-01-03 19:05,3,1145,19.08,21.9,46.4,863,9,Normal
2024-01-03 19:06,3,1146,19.1,20.9,46.2,879,4,Normal
2024-01-03 19:07,3,1147,19.12,20.7,45.1,900,9,Normal
2024-01-03 19:08,3,1148,19.13,20.5,47.1,891,9,Normal
2024-01-03 19:09,3,1149,19.15,20.4,47.8,889,9,Normal
2024-01-03 19:10,3,1150,19.17,21.0,44.7,891,5,Normal
2024-01-03 19:11,3,1151,19.18,21.1,45.7,859,1,Normal
2024-01-03 19:12,3,1152,19.2,21.5,45.5,875,1,Normal
2024-01-03 19:13,3,1153,19.22,20.6,46.6,875,5,Normal
2024-01-03 19:14,3,1154,19.23,20.4,45.7,865,5,Normal
2024-01-03 19:15,3,1155,19.25,21.0,45.7,879,7,Normal
2024-01-03 19:16,3,1156,19.27,21.1,48.7,858,3,Normal
2024-01-03 19:17,3,1157,19.28,21.2,46.8,871,0,Normal
2024-01-03 19:18,3,1158,19.3,19.9,47.6,859,10,Normal
2024-01-03 19:19,3,1159,19.32,21.1,46.3,854,0,Normal
2024-01-03 19:20,3,1160,19.33,21.0,45.9,872,9,Normal
2024-01-03 19:21,3,1161,19.35,20.6,49.3,885,8,Normal
2024-01-03 19:22,3,1162,19.37,20.5,45.6,855,7,Normal
2024-01-03 19:23,3,1163,19.38,19.7,46.9,861,8,Normal
2024-01-03 19:24,3,1164,19.4,20.5,48.9,867,6,Normal
2024-01-03 19:25,3,1165,19.42,19.8,46.1,865,8,Normal
2024-01-03 19:26,3,1166,19.43,20.8,48.9,870,6,Normal
2024-01-03 19:27,3,1167,19.45,19.6,47.0,879,8,Normal
2024-01-03 19:28,3,1168,19.47,20.1,48.8,875,7,Normal
2024-01-03 19:29,3,1169,19.48,19.9,49.3,848,7,Normal
2024-01-03 19:30,3,1170,19.5,20.5,48.0,856,8,Normal
2024-01-03 19:31,3,1171,19.52,20.3,48.9,865,5,Normal
2024-01-03 19:32,3,1172,19.53,20.6,47.3,876,4,Normal
2024-01-03 19:33,3,1173,19.55,19.5,46.6,875,1,Normal
2024-01-03 19:34,3,1174,19.57,20.8,49.4,862,5,Normal
2024-01-03 19:35,3,1175,19.58,19.2,50.0,834,0,Normal
2024-01-03 19:36,3,1176,19.6,19.2,49.5,856,10,Normal
2024-01-03 19:37,3,1177,19.62,19.5,49.0,846,1,Normal
2024-01-03 19:38,3,1178,19.63,20.6,47.0,838,5,Normal
2024-01-03 19:39,3,1179,19.65,20.4,46.8,830,5,Normal
2024-01-03 19:40,3,1180,19.67,19.5,46.7,843,10,Normal
2024-01-03 19:41,3,1181,19.68,19.9,48.9,840,10,Normal
2024-01-03 19:42,3,1182,19.7,19.1,48.0,861,8,Normal
2024-01-03 19:43,3,1183,19.72,19.8,48.4,866,7,Normal
2024-01-03 19:44,3,1184,19.73,19.0,50.7,840,6,Normal
2024-01-03 19:45,3,1185,19.75,19.5,49.5,853,4,Normal
2024-01-03 19:46,3,1186,19.77,19.8,47.6,824,2,Normal
2024-01-03 19:47,3,1187,19.78,19.3,49.2,833,5,Normal
2024-01-03 19:48,3,1188,19.8,19.1,51.0,826,8,Normal
2024-01-03 19:49,3,1189,19.82,19.0,50.5,855,1,Normal
2024-01-03 19:50,3,1190,19.83,19.8,48.1,824,2,Normal
2024-01-03 19:51,3,1191,19.85,18.9,47.9,819,10,Normal
2024-01-03 19:52,3,1192,19.87,19.0,47.8,842,0,Normal
2024-01-03 19:53,3,1193,19.88,19.9,49.6,843,4,Normal
2024-01-03 19:54,3,1194,19.9,19.2,48.4,851,7,Normal
2024-01-03 19:55,3,1195,19.92,18.9,49.8,845,6,Normal
2024-01-03 19:56,3,1196,19.93,19.2,48.1,843,2,Normal
2024-01-03 19:57,3,1197,19.95,19.6,51.4,843,7,Normal
2024-01-03 19:58,3,1198,19.97,18.8,50.8,835,8,Normal
2024-01-03 19:59,3,1199,19.98,19.2,49.9,835,2,Normal
2024-01-03 20:00,3,1200,20.0,19.6,51.8,830,2,Normal
2024-01-03 20:01,3,1201,20.02,19.2,50.1,838,6,Normal
2024-01-03 20:02,3,1202,20.03,19.6,50.4,814,6,Normal
2024-01-03 20:03,3,1203,20.05,18.2,51.7,835,1,Normal
2024-01-03 20:04,3,1204,20.07,19.1,49.0,835,10,Normal
2024-01-03 20:05,3,1205,20.08,18.4,50.1,818,9,Normal
2024-01-03 20:06,3,1206,20.1,19.0,52.3,805,5,Normal
2024-01-03 20:07,3,1207,20.12,18.2,49.1,839,9,Normal
2024-01-03 20:08,3,1208,20.13,18.2,50.2,812,1,Normal
2024-01-03 20:09,3,1209,20.15,19.0,51.8,837,1,Normal
2024-01-03 20:10,3,1210,20.17,18.9,49.6,834,2,Normal
2024-01-03 20:11,3,1211,20.18,18.2,49.4,821,3,Normal
2024-01-03 20:12,3,1212,20.2,19.0,52.3,831,3,Normal
2024-01-03 20:13,3,1213,20.22,18.2,52.7,813,6,Normal
2024-01-03 20:14,3,1214,20.23,17.9,51.9,824,7,Normal
2024-01-03 20:15,3,1215,20.25,18.0,52.3,812,3,Normal
2024-01-03 20:16,3,1216,20.27,19.1,51.4,809,4,Normal
2024-01-03 20:17,3,1217,20.28,18.5,53.0,823,9,Normal
2024-01-03 20:18,3,1218,20.3,18.7,49.7,819,9,Normal
2024-01-03 20:19,3,1219,20.32,18.8,52.8,818,0,Normal
2024-01-03 20:20,3,1220,20.33,17.8,50.1,793,2,Normal
2024-01-03 20:21,3,1221,20.35,17.5,50.4,826,7,Normal
2024-01-03 20:22,3,1222,20.37,18.6,53.2,794,3,Normal
2024-01-03 20:23,3,1223,20.38,18.1,53.2,806,2,Normal
2024-01-03 20:24,3,1224,20.4,18.2,51.9,818,3,Normal
2024-01-03 20:25,3,1225,20.42,17.5,49.9,790,2,Normal
2024-01-03 20:26,3,1226,20.43,18.5,51.4,786,8,Normal
2024-01-03 20:27,3,1227,20.45,17.5,50.0,784,4,Normal
2024-01-03 20:28,3,1228,20.47,18.4,51.9,810,8,Normal
2024-01-03 20:29,3,1229,20.48,18.0,53.5,808,5,Normal
2024-01-03 20:30,3,1230,20.5,18.2,52.9,802,10,Normal
2024-01-03 20:31,3,1231,20.52,17.9,50.9,818,8,Normal
2024-01-03 20:32,3,1232,20.53,17.7,50.5,778,3,Normal
2024-01-03 20:33,3,1233,20.55,17.0,54.2,790,6,Normal
2024-01-03 20:34,3,1234,20.57,18.0,53.6,810,5,Normal
2024-01-03 20:35,3,1235,20.58,17.1,50.7,783,3,Normal
2024-01-03 20:36,3,1236,20.6,18.3,52.8,777,0,Normal
2024-01-03 20:37,3,1237,20.62,18.1,53.1,781,9,Normal
2024-01-03 20:38,3,1238,20.63,18.0,53.3,775,4,Normal
2024-01-03 20:39,3,1239,20.65,17.1,51.8,801,3,Normal
2024-01-03 20:40,3,1240,20.67,16.9,54.1,768,9,Normal
2024-01-03 20:41,3,1241,20.68,17.4,52.7,780,10,Normal
2024-01-03 20:42,3,1242,20.7,17.7,51.3,773,2,Normal
2024-01-03 20:43,3,1243,20.72,17.3,53.5,774,1,Normal
2024-01-03 20:44,3,1244,20.73,17.0,51.5,793,6,Normal
2024-01-03 20:45,3,1245,20.75,17.4,53.8,766,1,Normal
2024-01-03 20:46,3,1246,20.77,17.5,54.2,766,1,Normal
2024-01-03 20:47,3,1247,20.78,16.7,52.9,768,2,Normal
2024-01-03 20:48,3,1248,20.8,16.6,53.8,761,7,Normal
2024-01-03 20:49,3,1249,20.82,16.7,52.8,791,7,Normal
2024-01-03 20:50,3,1250,20.83,17.9,52.3,796,3,Normal
2024-01-03 20:51,3,1251,20.85,16.5,53.8,783,6,Normal
2024-01-03 20:52,3,1252,20.87,16.9,53.7,766,7,Normal
2024-01-03 20:53,3,1253,20.88,17.4,54.3,773,8,Normal
2024-01-03 20:54,3,1254,20.9,16.5,54.8,771,2,Normal
2024-01-03 20:55,3,1255,20.92,16.4,52.9,787,10,Normal
2024-01-03 20:56,3,1256,20.93,16.9,54.0,772,0,Normal
2024-01-03 20:57,3,1257,20.95,17.1,53.2,758,2,Normal
2024-01-03 20:58,3,1258,20.97,17.1,53.5,749,9,Normal
2024-01-03 20:59,3,1259,20.98,16.5,55.5,769,6,Normal
2024-01-03 21:00,3,1260,21.0,17.5,52.4,746,3,Normal
2024-01-03 21:01,3,1261,21.02,17.2,54.5,767,2,Normal
2024-01-03 21:02,3,1262,21.03,17.3,54.6,745,1,Normal
2024-01-03 21:03,3,1263,21.05,16.4,54.2,752,4,Normal
2024-01-03 21:04,3,1264,21.07,16.3,56.2,777,5,Normal
2024-01-03 21:05,3,1265,21.08,16.8,54.0,749,3,Normal
2024-01-03 21:06,3,1266,21.1,17.3,53.6,744,2,Normal
2024-01-03 21:07,3,1267,21.12,16.0,56.6,742,6,Normal
2024-01-03 21:08,3,1268,21.13,16.1,55.1,767,3,Normal
2024-01-03 21:09,3,1269,21.15,16.7,53.9,746,9,Normal
2024-01-03 21:10,3,1270,21.17,16.8,54.6,740,6,Normal
2024-01-03 21:11,3,1271,21.18,16.5,55.2,760,3,Normal
2024-01-03 21:12,3,1272,21.2,16.0,56.4,766,10,Normal
2024-01-03 21:13,3,1273,21.22,17.3,53.4,752,4,Normal
2024-01-03 21:14,3,1274,21.23,17.2,53.7,771,10,Normal
2024-01-03 21:15,3,1275,21.25,15.7,55.9,748,0,Normal
2024-01-03 21:16,3,1276,21.27,16.1,53.7,768,5,Normal
2024-01-03 21:17,3,1277,21.28,17.1,54.9,759,9,Normal
2024-01-03 21:18,3,1278,21.3,17.1,55.9,749,6,Normal
2024-01-03 21:19,3,1279,21.32,17.0,54.6,729,5,Normal
2024-01-03 21:20,3,1280,21.33,16.2,56.2,746,5,Normal
2024-01-03 21:21,3,1281,21.35,16.0,56.9,738,4,Normal
2024-01-03 21:22,3,1282,21.37,16.3,54.0,738,7,Normal
2024-01-03 21:23,3,1283,21.38,16.2,54.1,756,0,Normal
2024-01-03 21:24,3,1284,21.4,16.7,56.9,752,1,Normal
2024-01-03 21:25,3,1285,21.42,15.5,53.9,745,8,Normal
2024-01-03 21:26,3,1286,21.43,15.7,55.7,735,1,Normal
2024-01-03 21:27,3,1287,21.45,16.1,55.6,718,8,Normal
2024-01-03 21:28,3,1288,21.47,15.3,54.4,738,7,Normal
2024-01-03 21:29,3,1289,21.48,15.5,56.4,720,5,Normal
2024-01-03 21:30,3,1290,21.5,16.4,56.0,725,8,Normal
2024-01-03 21:31,3,1291,21.52,15.3,56.0,727,0,Normal
2024-01-03 21:32,3,1292,21.53,16.0,55.2,716,0,Normal
2024-01-03 21:33,3,1293,21.55,16.5,55.5,743,4,Normal
2024-01-03 21:34,3,1294,21.57,15.9,55.2,734,2,Normal
2024-01-03 21:35,3,1295,21.58,15.3,55.2,709,9,Normal
2024-01-03 21:36,3,1296,21.6,15.8,55.9,739,10,Normal
2024-01-03 21:37,3,1297,21.62,15.7,56.3,732,9,Normal
2024-01-03 21:38,3,1298,21.63,15.5,54.8,711,8,Normal
2024-01-03 21:39,3,1299,21.65,15.0,55.5,715,9,Normal
2024-01-03 21:40,3,1300,21.67,15.7,58.1,730,4,Normal
2024-01-03 21:41,3,1301,21.68,16.3,58.4,728,2,Normal
2024-01-03 21:42,3,1302,21.7,15.1,57.2,733,3,Normal
2024-01-03 21:43,3,1303,21.72,16.3,57.7,729,0,Normal
2024-01-03 21:44,3,1304,21.73,15.0,58.9,722,6,Normal
2024-01-03 21:45,3,1305,21.75,15.6,56.3,717,10,Normal
2024-01-03 21:46,3,1306,21.77,15.8,58.2,702,0,Normal
2024-01-03 21:47,3,1307,21.78,15.6,57.1,723,1,Normal
2024-01-03 21:48,3,1308,21.8,16.3,55.4,709,9,Normal
2024-01-03 21:49,3,1309,21.82,15.2,58.4,727,1,Normal
2024-01-03 21:50,3,1310,21.83,16.1,57.6,731,4,Normal
2024-01-03 21:51,3,1311,21.85,15.7,56.7,694,5,Normal
2024-01-03 21:52,3,1312,21.87,16.0,55.7,727,9,Normal
2024-01-03 21:53,3,1313,21.88,15.5,58.8,706,10,Normal
2024-01-03 21:54,3,1314,21.9,16.0,58.9,711,9,Normal
2024-01-03 21:55,3,1315,21.92,15.5,57.7,699,10,Normal
2024-01-03 21:56,3,1316,21.93,14.7,57.6,712,10,Normal
2024-01-03 21:57,3,1317,21.95,14.8,57.5,721,8,Normal
2024-01-03 21:58,3,1318,21.97,15.8,56.3,706,1,Normal
2024-01-03 21:59,3,1319,21.98,14.8,57.9,684,7,Normal
2024-01-03 22:00,3,1320,22.0,15.3,57.1,694,2,Normal
2024-01-03 22:01,3,1321,22.02,15.7,57.8,442,10,Normal
2024-01-03 22:02,3,1322,22.03,15.4,57.3,435,9,Normal
2024-01-03 22:03,3,1323,22.05,15.2,56.2,451,2,Normal
2024-01-03 22:04,3,1324,22.07,15.9,59.6,455,0,Normal
2024-01-03 22:05,3,1325,22.08,14.8,56.5,457,2,Normal
2024-01-03 22:06,3,1326,22.1,14.6,58.0,443,10,Normal
2024-01-03 22:07,3,1327,22.12,15.7,58.9,438,1,Normal
2024-01-03 22:08,3,1328,22.13,14.7,59.2,473,8,Normal
2024-01-03 22:09,3,1329,22.15,15.3,60.1,467,2,Warning
2024-01-03 22:10,3,1330,22.17,15.8,56.9,423,8,Normal
2024-01-03 22:11,3,1331,22.18,15.1,59.0,446,0,Normal
2024-01-03 22:12,3,1332,22.2,15.6,60.1,473,4,Warning
2024-01-03 22:13,3,1333,22.22,14.8,57.3,465,5,Normal
2024-01-03 22:14,3,1334,22.23,15.1,59.8,439,8,Normal
2024-01-03 22:15,3,1335,22.25,14.8,60.6,429,0,Warning
2024-01-03 22:16,3,1336,22.27,14.6,57.1,453,10,Normal
2024-01-03 22:17,3,1337,22.28,14.3,60.4,466,9,Warning
2024-01-03 22:18,3,1338,22.3,14.3,59.4,409,2,Normal
2024-01-03 22:19,3,1339,22.32,15.0,59.1,457,2,Normal
2024-01-03 22:20,3,1340,22.33,15.1,58.9,454,7,Normal
2024-01-03 22:21,3,1341,22.35,15.3,58.8,477,10,Normal
2024-01-03 22:22,3,1342,22.37,15.1,58.4,443,1,Normal
2024-01-03 22:23,3,1343,22.38,14.5,60.5,466,1,Warning
2024-01-03 22:24,3,1344,22.4,14.6,57.6,459,2,Normal
2024-01-03 22:25,3,1345,22.42,14.8,60.2,475,8,Warning
2024-01-03 22:26,3,1346,22.43,14.4,60.4,446,9,Warning
2024-01-03 22:27,3,1347,22.45,15.3,60.8,458,2,Warning
2024-01-03 22:28,3,1348,22.47,14.5,57.8,456,10,Normal
2024-01-03 22:29,3,1349,22.48,14.4,60.1,434,4,Warning
2024-01-03 22:30,3,1350,22.5,15.5,59.5,445,4,Normal
2024-01-03 22:31,3,1351,22.52,14.2,59.6,428,1,Normal
2024-01-03 22:32,3,1352,22.53,14.5,58.5,483,3,Normal
2024-01-03 22:33,3,1353,22.55,15.2,59.5,435,0,Normal
2024-01-03 22:34,3,1354,22.57,14.7,60.3,453,4,Warning
2024-01-03 22:35,3,1355,22.58,14.7,60.1,464,0,Warning
2024-01-03 22:36,3,1356,22.6,15.3,58.6,442,2,Normal
2024-01-03 22:37,3,1357,22.62,15.4,61.1,458,1,Warning
2024-01-03 22:38,3,1358,22.63,14.5,60.7,422,1,Warning
2024-01-03 22:39,3,1359,22.65,14.2,61.5,444,5,Warning
2024-01-03 22:40,3,1360,22.67,14.9,62.2,442,3,Warning
2024-01-03 22:41,3,1361,22.68,14.9,58.8,436,0,Normal
2024-01-03 22:42,3,1362,22.7,14.3,62.3,418,5,Warning
2024-01-03 22:43,3,1363,22.72,14.6,58.8,417,2,Normal
2024-01-03 22:44,3,1364,22.73,14.3,62.3,468,2,Warning
2024-01-03 22:45,3,1365,22.75,14.2,61.0,423,3,Warning
2024-01-03 22:46,3,1366,22.77,14.8,59.7,465,6,Normal
2024-01-03 22:47,3,1367,22.78,15.1,60.5,441,8,Warning
2024-01-03 22:48,3,1368,22.8,13.9,59.7,460,10,Normal
2024-01-03 22:49,3,1369,22.82,13.7,60.9,445,6,Warning
2024-01-03 22:50,3,1370,22.83,14.4,61.0,409,7,Warning
2024-01-03 22:51,3,1371,22.85,14.1,60.9,463,5,Warning
2024-01-03 22:52,3,1372,22.87,14.6,62.6,447,8,Warning
2024-01-03 22:53,3,1373,22.88,14.3,61.6,445,9,Warning
2024-01-03 22:54,3,1374,22.9,14.2,61.5,454,6,Warning
2024-01-03 22:55,3,1375,22.92,14.5,61.8,463,5,Warning
2024-01-03 22:56,3,1376,22.93,14.5,63.0,443,1,Warning
2024-01-03 22:57,3,1377,22.95,13.8,59.7,440,0,Normal
2024-01-03 22:58,3,1378,22.97,14.9,62.3,464,6,Warning
2024-01-03 22:59,3,1379,22.98,15.0,59.4,435,1,Normal
2024-01-03 23:00,3,1380,23.0,14.2,62.2,449,8,Warning
2024-01-03 23:01,3,1381,23.02,14.7,61.6,445,5,Warning
2024-01-03 23:02,3,1382,23.03,13.9,63.3,438,8,Warning
2024-01-03 23:03,3,1383,23.05,14.4,60.8,453,7,Warning
2024-01-03 23:04,3,1384,23.07,13.5,59.6,468,4,Normal
2024-01-03 23:05,3,1385,23.08,14.8,60.8,464,2,Warning
2024-01-03 23:06,3,1386,23.1,13.6,63.3,466,8,Warning
2024-01-03 23:07,3,1387,23.12,14.4,61.4,440,6,Warning
2024-01-03 23:08,3,1388,23.13,13.9,59.8,458,5,Normal
2024-01-03 23:09,3,1389,23.15,14.1,61.2,458,8,Warning
2024-01-03 23:10,3,1390,23.17,14.9,62.1,458,5,Warning
2024-01-03 23:11,3,1391,23.18,15.0,60.6,463,0,Warning
2024-01-03 23:12,3,1392,23.2,14.1,60.9,455,6,Warning
2024-01-03 23:13,3,1393,23.22,14.8,63.1,453,6,Warning
2024-01-03 23:14,3,1394,23.23,13.9,61.1,445,5,Warning
2024-01-03 23:15,3,1395,23.25,14.4,61.4,446,10,Warning
2024-01-03 23:16,3,1396,23.27,14.1,63.5,414,4,Warning
2024-01-03 23:17,3,1397,23.28,13.7,63.2,452,10,Warning
2024-01-03 23:18,3,1398,23.3,14.1,61.8,477,1,Warning
2024-01-03 23:19,3,1399,23.32,14.0,60.6,414,1,Warning
2024-01-03 23:20,3,1400,23.33,13.9,64.1,441,8,Warning
2024-01-03 23:21,3,1401,23.35,14.6,62.9,449,8,Warning
2024-01-03 23:22,3,1402,23.37,13.4,62.2,450,7,Warning
2024-01-03 23:23,3,1403,23.38,14.5,64.4,411,2,Warning
2024-01-03 23:24,3,1404,23.4,14.2,64.0,417,4,Warning
2024-01-03 23:25,3,1405,23.42,14.0,64.5,436,2,Warning
2024-01-03 23:26,3,1406,23.43,14.3,62.2,414,2,Warning
2024-01-03 23:27,3,1407,23.45,13.4,62.7,441,5,Warning
2024-01-03 23:28,3,1408,23.47,13.7,62.0,453,8,Warning
2024-01-03 23:29,3,1409,23.48,13.4,62.9,488,2,Warning
2024-01-03 23:30,3,1410,23.5,13.9,61.8,444,2,Warning
2024-01-03 23:31,3,1411,23.52,13.5,63.0,469,5,Warning
2024-01-03 23:32,3,1412,23.53,14.7,62.2,454,0,Warning
2024-01-03 23:33,3,1413,23.55,13.3,64.6,435,4,Warning
2024-01-03 23:34,3,1414,23.57,14.3,62.2,419,1,Warning
2024-01-03 23:35,3,1415,23.58,13.4,64.7,435,4,Warning
2024-01-03 23:36,3,1416,23.6,14.5,63.4,467,10,Warning
2024-01-03 23:37,3,1417,23.62,14.8,63.9,477,7,Warning
2024-01-03 23:38,3,1418,23.63,14.7,62.6,428,10,Warning
2024-01-03 23:39,3,1419,23.65,14.3,64.0,425,3,Warning
2024-01-03 23:40,3,1420,23.67,14.6,63.3,428,1,Warning
2024-01-03 23:41,3,1421,23.68,14.7,62.6,434,0,Warning
2024-01-03 23:42,3,1422,23.7,14.5,61.5,454,0,Warning
2024-01-03 23:43,3,1423,23.72,13.6,64.1,433,9,Warning
2024-01-03 23:44,3,1424,23.73,14.8,65.2,450,8,Warning
2024-01-03 23:45,3,1425,23.75,14.5,62.4,465,3,Warning
2024-01-03 23:46,3,1426,23.77,14.6,61.4,482,1,Warning
2024-01-03 23:47,3,1427,23.78,14.0,64.2,449,8,Warning
2024-01-03 23:48,3,1428,23.8,13.7,65.0,464,2,Warning
2024-01-03 23:49,3,1429,23.82,13.7,62.5,456,4,Warning
2024-01-03 23:50,3,1430,23.83,13.6,61.7,460,5,Warning
2024-01-03 23:51,3,1431,23.85,14.3,63.4,458,8,Warning
2024-01-03 23:52,3,1432,23.87,13.4,64.1,452,3,Warning
2024-01-03 23:53,3,1433,23.88,14.2,62.1,458,8,Warning
2024-01-03 23:54,3,1434,23.9,14.3,65.1,475,9,Warning
2024-01-03 23:55,3,1435,23.92,14.1,65.6,435,9,Warning
2024-01-03 23:56,3,1436,23.93,13.3,65.7,452,2,Warning
2024-01-03 23:57,3,1437,23.95,14.5,62.2,449,4,Warning
2024-01-03 23:58,3,1438,23.97,13.8,61.9,442,8,Warning
2024-01-03 23:59,3,1439,23.98,14.4,63.3,429,2,Warning
